annual_income,account_tenure_days,age,engagement_score,support_tickets,annual_spending
57964.98,1170,65,35.95,5,218.46
27667.36,856,58,14.56,2,16.51
74068.69,1178,31,33.26,2,240.06
82232.89,741,33,87.93,2,242.77
16763.02,497,31,10.22,0,130.61
23951.86,1211,31,95.83,3,123.98
52591.63,1011,61,10.75,5,170.94
41194.77,587,38,36.2,0,144.48
48569.9,1438,40,60.63,3,137.69
30663.42,38,52,83.78,3,122.81
79512.45,301,20,14.36,5,120.59
75190.91,297,42,14.11,5,130.55
50833.81,1277,27,62.84,0,193.8
91124.56,1941,38,29.27,4,270.47
63394.36,94,34,64.45,2,180.04
30558.22,1654,33,82.06,2,130.85
60042.8,125,44,7.69,8,120.02
28929.43,128,44,84.45,1,66.63
79471.02,319,39,3.76,1,132.96
47693.04,293,46,89.88,2,149.19
44281.65,84,30,97.56,4,147.87
33707.94,772,50,66.75,5,103.26
96028.25,795,39,98.43,3,222.05
45026.6,1157,35,82.2,3,167.06
38731.93,261,31,4.44,3,82.97
40389.56,387,38,0.38,6,83.6
65694.47,391,66,2.08,3,103.59
59933.7,2181,41,45.19,2,281.44
61512.95,23,27,62.34,5,160.8
62127.97,154,53,48.15,1,80.44
159198.35,405,35,67.71,4,226.94
39201.56,136,45,44.96,3,108.76
36984.96,311,34,4.26,4,57.23
31332.93,355,58,22.62,5,133.61
68788.28,208,34,99.26,3,222.99
91211.36,430,60,34.59,2,226.13
46042.9,756,28,32.48,6,73.8
30881.54,318,38,15.28,4,112.61
31148.93,256,60,98.71,1,112.79
70110.37,341,44,23.05,3,151.98
73776.08,400,71,64.68,2,189.45
66087.5,70,38,4.2,4,159.84
33995.03,640,45,6.65,4,90.58
55697.4,256,66,71.68,4,173.35
52269.96,1424,22,63.52,2,151.86
55286.21,728,20,68.02,3,159.48
79164.7,1299,31,23.1,2,204.5
55435.62,146,52,98.49,4,172.36
71210.99,278,21,55.84,4,163.72
50877.11,116,49,96.95,5,134.64
57469.85,199,48,16.42,4,118.02
69369.91,1411,68,40.51,2,229.7
21994.87,1785,55,33.57,3,76.55
41117.16,127,46,75.51,1,137.32
37846.55,255,59,74.76,3,94.89
34496.64,373,49,48.65,2,90.96
42136.59,724,36,1.61,1,154.5
111548.83,69,27,17.52,4,176.51
30448.53,81,34,5.03,3,70.91
83495.92,658,41,84.7,3,196.63
19427.05,57,44,28.98,0,125.51
40774.54,258,18,11.79,2,89.07
53611.25,474,39,35.42,3,153.49
67671.63,611,42,7.73,2,147.49
72487.88,350,49,97.89,0,204.65
75836.95,279,63,31.5,3,144.66
40465.35,938,44,93.31,2,145.04
38013.88,536,30,68.27,4,150.63
78581.12,211,18,56.61,4,109.26
44125.04,418,50,47.55,1,105.08
24303.42,591,30,68.74,0,81.1
26283.38,2248,53,68.63,1,100.03
29563.66,885,60,1.05,3,86.47
64436.69,1359,21,90.78,4,229.3
53015.21,219,49,36.8,3,117.5
71665.66,238,58,35.33,2,141.23
38754.84,318,55,40.66,2,155.7
53487.16,349,18,68.53,2,127.81
69152.86,147,30,37.6,8,88.49
41351.31,1430,25,37.38,3,147.97
63021.2,975,48,6.35,5,214.07
34062.1,297,47,41.66,2,127.05
40147.7,766,18,14.95,1,83.32
39737.24,504,38,85.56,4,179.97
25394.51,828,52,33.45,4,100.73
64076.62,105,43,96.09,5,162.41
37866.75,348,43,68.45,4,85.97
49358.82,380,37,75.62,1,152.53
63857.59,752,28,94.78,4,237.18
62667.12,215,41,23.89,5,156.48
70683.1,33,42,56.73,1,190.14
46436.12,136,49,4.07,5,107.81
38839.22,379,51,10.08,2,122.75
46917.92,430,43,36.66,0,83.32
19379.4,2172,56,68.25,5,100.14
22116.7,722,37,83.17,2,120.12
23683.06,437,23,25.64,3,93.66
28325.4,390,48,74.91,2,92.53
61076.09,1217,43,22.43,4,211.92
29791.74,223,48,0.61,4,59.07
39815.46,350,25,5.44,6,28.2
100165.15,135,65,58.56,4,212.77
40297.91,1667,51,49.71,2,162.26
73543.59,597,38,27.04,5,138.57
29334.23,198,29,0.65,5,68.96
43783.37,359,56,56.8,1,125.62
29070.75,671,27,81.76,3,103.32
40681.63,313,71,6.85,5,77.17
77821.22,236,34,73.65,5,219.21
18957.86,209,64,63.45,4,104.59
62251.19,566,39,47.94,1,181.2
55868.42,282,62,4.83,4,135.55
35355.79,256,32,92.36,2,210.78
22129.53,106,42,47.74,6,40.96
51004.61,435,52,39.96,7,77.36
36635.72,336,50,86.15,6,106.61
55713.17,292,56,84.56,3,131.62
49613.52,492,35,72.73,4,130.01
118299.92,852,43,82.94,4,289.8
42974.17,813,58,12.43,4,131.05
27919.38,701,32,76.09,1,138.0
54100.66,317,49,32.8,0,139.56
55326.0,228,39,86.75,7,151.88
103523.42,142,44,37.02,3,236.28
77599.11,222,43,5.43,5,141.41
59651.77,411,31,41.44,4,152.46
109624.55,183,38,75.68,2,235.15
25493.54,444,43,50.09,3,26.19
34480.07,153,40,76.36,0,192.49
29448.06,76,62,3.53,5,42.19
39561.22,915,55,17.72,5,88.44
22990.18,251,45,56.36,3,84.7
69517.45,174,32,38.53,2,203.95
43381.03,135,31,68.02,5,132.23
21830.35,615,67,96.26,3,95.03
28041.24,1595,28,65.99,5,173.59
58246.11,269,43,41.74,3,183.01
77727.91,325,46,54.24,3,160.37
147002.08,1178,37,91.28,4,243.5
243439.65,65,28,67.3,1,246.28
61569.7,2883,31,80.32,2,215.16
28445.75,4647,34,30.15,7,82.98
15174.54,26,32,74.43,3,102.03
56797.14,365,59,13.94,4,145.3
31347.27,196,41,74.98,1,170.67
39009.23,309,35,88.16,1,104.29
35008.52,265,43,90.02,2,158.52
45368.12,908,50,11.66,5,118.11
88105.4,360,37,82.99,2,196.55
53443.31,162,53,10.99,1,113.72
44925.05,339,25,47.84,3,118.24
27733.34,675,57,68.25,5,71.0
19514.72,123,41,48.42,3,57.37
37516.29,77,41,33.99,3,69.44
47591.98,2959,32,68.38,4,158.38
129619.88,212,26,66.09,3,237.49
52662.08,351,20,58.29,2,107.6
84162.67,271,32,52.84,3,186.52
37249.26,697,49,70.57,4,125.98
25547.15,2375,29,40.3,4,111.25
28830.4,720,21,6.88,4,30.36
32896.64,88,30,53.75,1,113.09
158048.68,101,36,72.35,1,262.9
31202.0,270,37,29.92,1,151.98
77743.41,308,40,14.08,5,131.4
29833.59,72,55,91.18,3,141.11
81827.21,915,58,86.37,2,245.33
60580.18,136,68,61.84,3,134.32
44974.42,1795,20,78.66,5,152.56
47934.01,2491,30,96.88,6,118.24
34196.1,314,51,56.93,3,159.55
62651.3,625,36,24.42,1,141.75
38168.24,117,53,63.88,2,143.96
24982.15,752,44,91.46,2,93.46
24273.35,245,62,69.01,2,109.98
53902.03,136,55,2.62,2,125.53
116832.92,302,55,91.71,3,288.56
53529.89,253,36,75.37,2,177.18
45924.27,291,40,40.18,2,91.77
57365.85,1042,38,98.75,2,197.35
100539.0,183,22,72.17,4,249.47
55307.31,2287,61,82.54,5,245.42
39104.39,107,51,94.32,2,149.77
90080.48,2029,37,3.96,0,258.33
62057.46,145,58,77.44,1,74.09
114081.2,403,33,38.63,1,176.06
54218.58,247,18,86.91,7,72.06
24997.77,286,55,87.89,6,59.9
23098.26,899,25,82.86,5,96.44
121541.42,1807,39,77.92,6,261.63
126502.35,1326,44,79.43,10,285.14
44411.98,269,47,29.66,1,92.61
39705.58,485,53,40.65,5,67.36
109512.54,184,49,11.51,2,168.65
26665.47,149,49,83.06,8,101.69
29968.44,128,31,64.6,0,100.68
69830.75,260,45,61.27,3,201.74
39457.02,517,22,24.61,4,93.71
48882.9,59,62,61.5,6,65.79
44806.41,385,23,45.46,3,67.22
59022.03,1837,37,99.53,0,234.07
106310.04,1238,24,86.31,2,284.23
51524.96,224,32,52.6,5,144.39
69854.26,99,42,80.85,4,201.08
15873.48,638,35,16.45,1,144.11
47724.72,39,56,10.14,4,88.77
30829.38,1224,44,63.07,4,165.23
25075.66,325,35,72.68,1,106.44
30242.88,2518,40,5.31,3,131.21
40791.63,71,57,20.1,2,113.94
81125.0,1010,53,53.73,6,147.74
23635.0,364,27,6.28,3,98.37
49853.67,289,33,42.41,2,95.98
37560.45,102,48,48.21,2,116.01
40936.6,731,46,92.18,3,99.48
85094.43,793,28,31.57,4,200.99
65904.6,2404,51,16.87,6,143.46
102290.18,1105,30,0.75,1,277.76
45027.19,222,58,12.16,3,62.06
33430.75,147,48,75.09,1,118.3
43342.01,102,27,44.49,2,93.62
56014.91,1760,35,19.87,2,247.91
54020.31,185,34,93.3,2,151.64
26999.85,1772,44,78.75,1,126.85
51522.27,682,39,11.44,2,138.56
55577.05,561,27,26.9,1,140.95
195753.35,296,23,84.94,5,174.82
137621.79,781,49,69.24,2,231.22
30660.06,397,45,94.55,2,128.18
41853.85,278,43,7.62,4,92.86
21918.95,809,45,77.54,7,60.28
35422.81,349,33,7.64,5,85.18
58313.14,181,44,33.67,5,179.52
95150.92,734,75,75.07,0,253.88
32826.91,378,57,71.1,5,85.14
34208.16,657,38,0.21,2,49.48
15047.86,256,35,20.19,2,40.43
44825.56,120,18,77.86,2,132.14
27328.14,2287,55,12.61,1,128.28
36636.79,1894,52,32.64,4,149.72
30264.38,976,34,18.39,3,123.6
46544.1,273,23,11.15,1,126.18
18643.44,298,26,83.66,3,105.43
21875.56,1607,47,6.13,2,127.62
158116.27,283,40,53.6,3,267.1
24147.05,214,50,69.27,5,49.65
26816.37,2623,43,5.76,3,164.14
134632.27,384,54,63.34,4,149.82
242264.88,2364,46,33.41,5,259.36
25735.8,99,52,83.35,3,96.96
40033.15,677,18,79.77,3,68.51
59151.4,3200,25,79.39,4,221.29
126852.94,415,37,39.87,4,216.95
28487.73,309,56,82.25,4,129.27
42834.42,125,66,63.0,2,144.89
75172.12,1190,39,37.87,0,239.64
62262.92,186,34,8.07,2,165.94
39859.42,366,18,6.68,2,122.83
45542.32,117,53,25.14,1,100.4
23012.83,1913,34,29.96,0,124.8
43002.11,1280,80,92.75,4,114.49
42339.97,390,32,99.99,2,98.46
55697.66,127,69,14.37,3,138.14
36118.84,1874,51,94.28,5,118.77
63535.0,279,28,70.65,3,167.48
85561.76,133,45,49.86,8,42.56
53395.73,69,52,95.47,5,155.09
59484.2,211,39,71.37,3,159.2
50475.1,94,52,59.37,4,145.24
49023.08,216,52,20.95,5,94.71
32963.07,849,49,24.44,3,120.19
58341.67,277,41,91.15,4,193.87
46466.75,575,26,21.5,0,102.08
155009.64,195,41,3.23,2,173.0
116464.9,430,44,26.62,5,200.62
60610.03,2754,18,48.06,2,212.48
32219.22,284,44,38.2,4,100.12
26586.89,592,40,93.58,5,108.52
94384.17,84,25,41.86,4,153.75
56642.34,1844,37,88.91,6,148.76
63836.4,250,37,59.47,2,224.91
18778.68,1153,67,52.41,3,99.11
81641.35,356,44,16.02,2,114.78
62939.62,743,55,27.1,3,196.35
26615.88,789,40,86.72,6,72.86
37822.57,256,18,78.0,5,141.82
56672.51,1202,50,44.74,4,209.14
50455.99,188,33,90.9,4,134.68
41743.78,878,37,81.92,2,123.34
46308.53,273,28,11.21,4,98.34
42676.87,572,42,60.59,5,127.64
53311.61,254,55,79.88,1,121.24
110119.41,424,54,80.83,2,212.83
11948.22,137,62,9.13,1,50.24
43033.42,516,64,22.46,3,156.34
54018.5,421,18,41.3,2,105.0
57687.55,235,26,25.16,2,233.23
39952.52,381,18,10.89,3,96.37
18653.76,461,50,62.88,4,45.68
58711.89,217,32,50.75,4,170.13
126758.96,354,35,15.5,4,221.67
21086.25,147,39,58.64,4,107.45
78834.45,4212,46,6.2,4,230.41
40917.42,1163,22,38.3,2,133.89
47394.98,530,25,79.25,1,117.41
27471.54,1302,42,89.0,7,10.96
40784.16,55,57,24.52,2,129.62
100210.13,31,41,85.95,6,188.15
67538.99,270,31,89.18,3,220.12
127105.33,101,18,60.69,9,130.34
93674.06,318,54,98.22,3,250.73
62411.05,495,32,24.62,4,193.45
127920.47,1012,27,6.9,2,282.34
62407.84,129,19,84.34,3,196.19
77295.69,601,23,49.09,4,101.87
41642.89,409,29,34.65,4,82.04
50848.21,571,38,5.52,3,139.73
33403.53,239,26,6.46,2,67.94
84480.09,1608,44,9.07,3,228.9
25640.62,363,38,18.36,1,75.93
75379.65,2378,70,97.04,3,231.6
44140.89,183,19,28.14,4,62.24
93356.98,847,44,81.7,3,291.37
74085.71,380,44,1.94,3,146.08
133433.08,290,28,32.18,3,217.32
73271.43,759,43,90.62,6,156.69
20648.09,299,52,18.5,1,124.01
47248.48,28,43,28.4,0,155.34
25729.57,18,59,82.65,5,165.14
36862.35,1440,18,12.14,1,183.37
112552.57,1380,31,5.32,3,272.64
69608.61,2663,61,96.6,1,221.64
33375.86,396,53,40.48,2,94.68
28069.97,110,49,65.79,2,110.11
49912.67,265,58,12.71,2,97.35
25106.75,408,18,22.02,1,72.37
33889.92,147,52,46.0,4,96.76
58197.94,2097,55,67.52,4,241.74
92542.35,3787,33,29.32,2,272.11
68515.74,650,76,88.46,1,139.23
13902.04,399,44,78.11,3,101.78
57953.82,110,18,55.16,1,151.71
51001.92,1893,46,45.92,1,155.43
61552.13,435,32,61.95,2,145.01
119242.6,302,57,73.17,2,249.53
15759.82,652,49,13.5,6,39.29
35415.08,224,34,85.26,8,34.27
67846.19,467,61,48.94,2,182.51
20539.87,95,54,93.53,3,117.56
110389.69,1196,31,95.55,2,261.7
60029.79,363,40,3.07,7,60.79
78090.3,1285,48,38.45,2,237.17
35809.95,329,37,52.62,6,17.39
76693.33,352,37,53.96,0,182.95
88226.21,120,42,82.24,3,215.47
55719.36,862,28,14.11,1,218.33
55766.05,168,18,62.25,2,189.67
56879.42,248,45,94.26,3,174.64
30490.18,403,18,99.67,3,146.18
45200.31,455,29,1.01,4,120.38
45076.33,73,18,97.26,4,115.47
60528.32,320,20,12.22,1,139.5
84957.24,893,47,53.7,3,215.67
27386.49,276,39,24.64,2,116.48
45763.63,322,38,60.64,1,168.24
110724.52,474,24,3.7,3,185.69
32566.08,355,33,23.83,1,116.12
31187.18,143,46,30.06,5,117.76
54790.3,389,41,91.56,4,139.37
77995.92,1090,52,58.36,3,194.49
49329.83,141,54,70.82,5,184.18
101816.59,277,38,67.6,4,212.65
78530.05,101,18,39.23,3,186.39
77885.96,1034,32,1.4,3,151.59
66487.16,367,40,10.7,6,104.3
176347.05,172,31,45.88,1,237.12
43790.01,442,28,94.13,3,97.92
16286.03,121,42,24.88,2,53.61
118461.1,143,73,69.83,2,231.26
38111.27,93,35,82.66,1,100.47
52017.44,138,41,90.68,4,183.01
100735.43,1567,24,29.35,1,318.28
20307.74,193,58,93.13,4,157.57
24626.89,643,53,60.8,3,102.13
20318.7,174,52,50.84,4,76.38
31673.16,862,59,77.84,2,118.63
62429.93,144,36,23.87,1,156.23
65401.69,419,38,81.26,1,178.09
57065.26,425,64,65.0,3,150.58
22538.47,4137,50,79.94,3,171.22
13758.93,757,18,85.57,4,71.72
50508.38,222,47,61.73,1,176.85
37817.35,800,34,3.67,4,119.32
63111.75,3422,53,29.77,2,230.93
72119.12,79,47,87.8,1,209.37
52893.34,173,19,62.7,3,131.63
74464.16,318,45,89.01,0,193.26
55607.1,265,44,38.45,4,171.7
65613.42,289,46,50.47,1,188.06
33270.61,109,49,86.26,3,196.77
44409.72,1642,61,76.2,5,154.53
54623.9,97,47,37.75,2,96.46
76979.21,330,42,2.26,5,109.88
39475.77,1148,56,88.03,1,229.98
65293.12,391,71,78.64,6,56.26
42352.75,151,53,44.92,0,91.53
45951.96,104,44,54.62,3,129.44
77360.8,320,47,20.43,5,124.48
16380.01,189,45,41.21,2,108.78
24027.16,495,42,16.32,3,108.2
21694.15,99,70,21.06,3,39.65
13582.14,909,32,84.64,7,83.58
33757.39,452,57,36.25,1,94.44
74027.26,487,40,81.47,4,149.95
41911.43,1704,22,47.39,2,189.91
54654.37,260,39,7.08,2,59.5
89238.66,195,34,36.15,4,160.99
101745.25,233,49,15.83,1,243.09
47191.74,332,43,69.36,3,66.17
103204.96,368,28,91.14,1,215.49
51568.67,175,61,76.31,1,167.05
30928.43,53,56,77.84,6,87.9
35350.92,230,62,86.19,5,142.27
21713.84,578,45,77.67,1,105.42
30077.31,462,41,56.86,3,137.39
40259.08,1338,51,71.43,2,139.25
76265.18,2851,34,41.6,0,254.67
126301.02,862,43,7.08,4,257.1
22920.8,1607,39,70.56,4,91.59
60843.19,868,23,72.17,1,184.19
27658.84,2230,43,22.37,4,77.69
63645.47,2567,36,95.39,4,242.27
45610.92,1044,38,5.25,2,135.3
17907.98,817,46,73.6,3,102.46
81679.91,328,58,96.85,1,212.47
35145.42,387,30,30.91,7,70.75
36547.02,287,37,91.25,5,171.11
27218.06,750,32,82.64,1,93.09
34205.58,196,31,74.41,5,154.34
62027.91,333,34,95.38,1,161.24
44175.06,38,39,65.41,2,97.76
58733.42,2259,49,49.49,4,233.45
59817.71,323,46,67.57,1,199.94
101352.91,636,28,41.18,0,211.2
40597.74,1733,58,32.49,4,167.52
21757.81,544,54,8.22,4,91.88
88165.62,1710,30,37.8,4,166.68
40850.79,116,57,80.32,4,206.68
90492.82,4435,46,94.54,4,257.91
60527.76,1196,39,97.52,3,212.78
45609.64,497,46,20.65,4,154.26
59386.77,1677,41,57.14,4,232.72
143351.78,125,49,57.57,5,200.9
153635.67,302,44,17.6,6,138.15
50927.57,1710,37,58.16,2,169.47
53535.74,62,18,36.28,2,76.76
88603.98,706,48,94.24,3,196.51
30788.19,686,37,25.52,2,110.28
58875.99,2890,52,83.5,2,208.38
48328.44,82,48,89.69,4,130.28
58258.75,2017,37,73.59,3,230.59
30997.05,230,55,21.47,4,80.55
20449.99,258,44,26.04,4,63.58
15675.58,118,44,97.11,1,136.2
26514.28,135,40,7.58,3,46.72
38090.82,603,63,11.71,1,93.08
41720.36,132,32,97.86,1,138.27
142269.32,845,37,77.69,4,298.03
90065.85,207,25,74.64,2,290.15
28878.42,119,51,16.02,3,67.11
59351.91,237,34,48.89,2,183.5
39187.26,564,35,84.08,3,104.29
41923.42,305,35,32.89,3,94.5
54280.98,417,42,19.28,5,132.77
68909.14,809,25,1.09,2,120.98
40676.58,1190,18,62.25,5,160.25
88002.31,295,47,29.38,2,136.66
26158.62,141,18,86.37,2,69.05
49192.01,435,53,28.35,3,134.02
204581.26,645,62,15.16,1,253.94
55419.89,93,39,96.04,4,186.56
107825.34,165,58,96.48,3,256.99
51551.47,196,41,68.5,5,147.75
67469.26,327,62,92.84,2,196.48
47513.5,188,36,16.18,3,71.89
44635.1,818,18,46.03,2,116.94
31929.47,81,40,20.42,5,106.33
62110.22,83,64,47.88,3,78.56
30688.85,288,48,79.12,1,172.67
70690.88,338,35,84.49,8,86.54
89045.95,94,46,0.42,3,134.36
59969.55,219,54,38.95,5,195.24
41879.98,270,40,99.41,2,154.14
62923.88,272,76,58.93,4,116.93
41366.63,469,35,29.62,2,139.6
82006.26,208,55,38.9,4,192.98
17903.06,1768,51,32.26,5,85.4
40758.35,657,32,44.76,4,55.42
16400.28,179,36,44.45,6,71.2
21541.07,443,55,50.69,3,114.52
103789.93,456,43,46.45,1,236.14
80205.85,1359,46,51.61,3,182.82
33000.76,221,20,2.8,5,90.57
21453.07,868,50,5.44,5,111.63
9599.91,420,45,37.11,2,152.95
36354.65,1792,41,88.49,3,155.49
185577.57,1466,46,79.08,2,298.29
62266.97,491,36,11.02,3,99.85
36034.61,310,34,49.48,6,102.72
63309.72,669,38,60.46,1,197.78
20774.32,336,35,48.12,4,96.49
41625.66,2165,70,69.76,3,178.59
51777.58,436,53,99.73,3,111.97
46753.51,268,29,9.65,0,89.25
75731.04,254,68,51.55,1,151.35
59252.0,119,36,51.24,7,142.62
70797.52,703,42,56.24,4,198.62
33570.24,177,53,16.7,2,110.99
80321.97,1209,18,63.84,5,221.28
120080.22,110,38,4.43,4,201.3
28750.71,458,34,74.11,2,85.67
30084.56,1274,44,66.32,2,200.05
102199.43,46,46,33.04,3,195.95
44124.07,3035,40,98.9,3,176.74
106096.23,263,40,82.88,2,227.7
38430.45,464,55,53.95,3,152.6
109127.81,714,45,99.05,4,226.07
52697.18,833,42,83.01,2,227.09
56501.69,530,43,13.8,4,157.43
115912.97,1093,65,59.11,4,274.11
40176.05,677,44,58.09,3,111.53
29213.4,2346,35,65.29,0,118.69
38303.24,680,18,94.08,3,115.21
62867.44,2877,23,49.2,1,233.62
20719.54,993,35,7.74,3,63.26
69606.21,66,40,47.93,3,147.44
36449.24,5492,34,78.78,0,166.29
92161.43,227,46,35.86,1,224.74
13136.59,1800,34,2.71,1,114.87
31805.32,414,30,30.32,4,112.9
19388.64,1165,49,68.21,6,41.67
31119.0,202,59,8.6,6,59.13
56174.39,754,27,37.6,1,219.64
44419.12,313,45,13.31,2,128.23
42644.02,1956,18,47.59,5,140.62
44911.46,625,22,14.15,2,94.0
54822.91,1028,34,10.9,3,145.1
28150.07,46,56,69.78,2,107.14
72313.59,370,31,15.8,1,160.44
70577.47,608,31,15.48,1,137.26
60583.08,504,42,59.25,5,119.06
66575.6,1054,42,4.36,4,178.87
57701.01,279,31,3.3,1,123.16
150135.02,423,67,43.14,1,221.53
46727.97,1314,38,36.51,2,144.78
41402.82,41,43,54.46,2,122.98
32388.54,727,36,99.35,1,139.5
27785.11,288,47,43.47,3,129.7
24724.27,162,58,57.61,8,28.44
30066.34,564,63,91.92,5,79.83
47151.72,1376,32,48.32,1,137.36
58915.67,1140,56,78.11,3,284.82
50419.24,352,49,54.87,4,167.16
32175.34,968,54,63.72,2,155.84
80426.7,961,40,93.25,4,227.01
73620.37,369,39,0.07,1,182.57
44900.02,201,54,90.09,3,144.85
34231.31,213,54,49.77,3,147.6
66279.46,932,62,60.68,6,176.25
54360.09,386,44,45.01,1,153.87
22104.36,141,40,26.09,4,54.88
47221.8,74,18,6.6,5,64.8
56620.12,926,21,94.51,4,175.81
29886.67,233,36,62.39,1,128.06
54416.02,561,27,87.35,4,132.49
22023.11,1393,52,29.08,3,129.62
102222.02,108,24,27.8,0,214.55
97379.65,385,35,33.58,5,175.5
42664.2,340,35,23.1,4,127.36
59868.15,589,57,49.8,0,153.73
13023.92,1392,34,93.62,1,116.92
25952.13,106,47,87.61,1,96.33
41706.89,713,44,49.51,1,133.14
27182.45,1131,53,34.88,0,121.76
72614.37,334,53,61.17,3,132.77
147047.82,351,41,61.23,2,179.37
25664.45,613,19,68.38,3,73.19
30927.32,569,38,53.56,1,153.1
55798.18,722,41,2.68,1,183.59
118909.01,707,45,7.6,4,243.16
25026.59,151,32,97.38,3,113.9
56216.74,1086,56,74.62,0,198.26
133480.99,1295,42,94.82,1,294.39
19762.32,485,30,33.95,2,108.99
24231.58,90,36,53.49,5,133.07
38832.64,359,67,32.2,1,91.05
36815.58,490,50,90.89,0,130.57
76644.31,128,55,28.77,2,150.5
55989.13,281,28,69.38,3,164.41
18467.56,98,33,17.51,6,1.4
65086.71,740,33,10.53,4,188.46
35680.29,476,44,15.56,2,102.17
98809.2,77,39,52.95,2,243.48
34711.52,573,35,84.45,5,168.94
34539.59,381,37,99.93,1,128.94
66014.02,676,31,62.27,4,210.01
74578.65,272,39,53.36,2,165.43
62721.19,181,56,78.69,6,116.53
19397.93,186,22,6.37,7,13.45
65901.66,235,46,80.94,6,114.76
27753.87,411,59,75.84,5,106.45
55792.9,467,39,52.95,4,173.15
22402.91,333,35,2.3,4,41.81
62659.91,264,54,20.22,3,128.37
31456.8,283,29,36.97,5,82.54
24210.72,4952,41,94.12,5,155.1
72591.35,186,28,63.85,1,164.73
55988.66,230,18,51.01,4,155.2
34972.34,10871,40,48.84,0,161.39
108895.98,614,25,78.0,2,212.76
38470.28,101,41,32.36,1,124.89
49894.16,937,56,9.45,2,169.73
56834.7,162,66,67.7,6,124.24
34863.08,1001,43,32.9,2,121.55
63520.94,326,55,32.56,4,118.87
36556.02,259,47,45.47,0,109.83
39089.1,2016,37,24.27,4,142.47
103720.33,710,18,92.17,4,210.05
27658.2,1067,63,84.7,2,42.91
13003.46,623,28,99.11,1,113.49
118897.3,258,59,96.45,3,257.11
199213.1,743,48,31.45,4,237.2
39226.27,1351,29,38.06,1,127.15
16894.43,461,46,69.83,4,75.22
41325.45,2444,69,1.58,5,96.27
41880.57,944,61,99.39,3,119.51
44158.55,498,35,1.08,5,110.14
26572.62,518,32,53.15,5,111.96
67424.16,462,43,66.87,3,183.71
65413.18,115,39,91.41,6,182.01
21548.83,368,57,64.41,0,99.2
72009.85,503,51,59.7,4,141.54
151596.36,266,20,30.04,3,239.64
53883.42,565,47,59.09,7,67.84
40719.86,412,39,74.97,1,90.57
45337.88,874,42,51.56,4,132.68
68760.95,782,45,77.96,2,164.18
18922.95,476,57,6.96,2,82.07
53659.56,102,54,33.54,2,100.14
39546.99,2418,32,95.98,1,178.34
135442.67,350,41,32.34,3,234.44
44542.76,372,36,62.19,0,123.21
122680.44,286,20,51.99,3,195.18
26713.99,247,40,93.66,6,95.17
67710.23,1889,65,16.28,6,149.97
58434.99,1613,19,29.94,4,213.4
30394.71,629,41,86.24,3,148.2
54044.76,362,41,66.62,5,111.6
95500.37,749,45,54.3,1,253.23
41024.08,434,29,39.49,5,119.85
19330.13,333,23,41.13,4,107.95
48549.56,565,24,93.49,1,92.63
29841.86,259,59,67.11,3,93.4
40607.68,519,29,92.91,2,167.44
46869.7,494,35,97.22,2,161.28
19185.14,737,69,54.7,3,71.59
20158.63,217,32,60.99,4,90.47
63903.97,820,46,65.64,4,216.68
36772.47,162,55,83.92,3,160.19
11960.81,227,55,65.91,8,79.22
75483.11,237,24,11.46,3,159.18
56942.85,138,32,94.24,3,153.54
33102.66,1113,45,66.09,3,115.75
23759.63,153,67,86.99,4,87.57
77628.84,200,32,42.47,1,107.13
59405.54,1415,35,47.47,3,266.87
181757.97,228,47,68.89,4,190.24
61765.72,334,50,77.64,0,180.35
60671.95,146,50,7.85,2,112.48
44720.61,927,30,40.73,2,78.05
76820.49,940,35,76.99,3,237.61
69133.65,844,44,99.22,3,194.21
97582.04,690,58,1.16,5,261.85
36800.71,434,38,26.48,3,162.6
38581.41,238,41,46.48,3,122.55
37665.25,178,28,22.29,4,38.71
75730.85,1465,66,2.69,2,206.85
111759.66,866,44,53.95,0,327.07
38087.36,201,56,64.94,1,147.92
38807.72,419,42,41.61,4,120.33
58264.16,298,43,36.99,2,140.67
42823.02,130,22,98.56,2,172.61
82754.16,481,18,47.75,3,159.79
14207.46,266,58,79.81,8,56.59
31110.86,155,43,28.72,1,145.31
31877.99,91,44,83.02,1,181.9
13681.56,84,25,82.37,2,116.9
28853.85,278,30,26.77,3,24.18
29633.6,370,55,65.59,5,62.33
43887.83,168,64,68.2,4,110.45
90411.91,773,33,44.26,2,254.0
42839.53,377,50,77.38,9,108.95
27807.26,718,44,30.69,1,150.55
47509.03,335,40,48.43,8,76.24
87294.74,183,66,99.02,4,202.69
28659.0,452,36,17.87,4,42.34
29708.36,114,58,14.78,4,48.28
66649.44,691,46,14.22,4,145.62
43397.41,158,41,99.81,5,139.14
69990.62,1010,59,15.99,4,207.73
48654.24,287,45,19.02,2,92.69
72107.62,1167,40,69.48,4,180.73
27742.12,131,59,75.95,3,127.36
48696.06,204,58,52.71,4,155.37
43657.07,590,57,98.27,4,138.21
25115.99,1300,18,3.89,5,90.15
20745.55,2135,47,62.08,2,101.03
71479.21,420,44,60.65,4,144.63
40415.8,2534,41,32.12,2,186.4
27938.08,301,49,89.94,8,38.6
46495.07,1210,45,55.29,2,216.65
91163.55,157,50,24.63,3,228.71
13982.95,614,38,8.84,2,96.61
21522.38,38,61,10.71,4,131.1
29507.88,131,52,89.73,4,151.31
109496.56,643,49,25.03,2,208.3
57263.74,108,48,90.7,1,168.1
74758.97,618,57,12.01,2,148.33
26184.2,998,55,98.39,4,93.38
26482.92,244,40,83.33,4,90.47
62711.34,153,54,11.62,3,105.12
50617.41,251,44,8.61,3,103.09
66290.8,153,66,80.34,1,203.58
44213.3,364,56,7.81,3,144.96
57123.97,446,33,26.22,6,116.48
53474.78,297,72,80.12,2,146.73
75189.89,2152,18,90.76,3,169.06
76408.91,196,50,76.77,5,204.66
20111.97,1622,32,88.99,2,97.88
14242.74,142,66,55.99,7,39.7
85047.05,433,45,77.96,5,167.99
94206.91,1316,31,34.42,5,270.99
27963.56,1250,38,78.52,3,84.51
17625.3,265,32,67.97,5,74.66
51764.98,702,38,57.48,5,98.17
81794.15,614,37,99.23,1,160.15
131752.04,235,32,46.98,3,247.27
65118.48,746,45,61.92,0,199.41
39956.87,2597,47,50.99,2,140.71
29994.77,646,29,26.05,2,102.7
49330.52,710,20,33.04,3,118.98
41581.24,790,46,97.88,2,193.56
28049.12,93,48,39.21,0,115.53
151269.09,639,51,67.94,3,169.1
130854.67,145,49,56.71,2,248.84
91567.05,223,62,88.98,4,258.27
29540.94,3504,54,75.77,3,171.31
78453.44,313,76,8.07,2,108.07
69688.77,192,82,35.54,5,148.85
62529.9,1277,19,71.19,3,209.35
97471.56,156,18,16.14,6,140.21
69525.87,257,41,50.34,2,137.3
73644.73,1406,48,31.78,1,194.56
69584.59,421,41,6.48,7,132.92
59126.55,84,51,99.71,7,147.0
18379.92,695,38,92.94,2,63.85
51327.99,271,32,74.75,2,162.91
36101.67,1881,34,20.1,1,76.89
24247.95,220,39,98.85,3,101.12
123623.9,1154,52,63.08,1,245.24
126873.71,2382,35,96.61,0,330.57
103525.3,172,38,4.26,0,179.62
56408.06,332,49,17.35,1,147.45
103037.04,595,39,67.72,4,231.78
49346.85,171,56,90.72,5,170.62
54805.1,528,30,17.58,7,84.48
26865.3,322,27,31.71,2,93.53
60982.68,315,45,58.82,3,164.24
50676.23,423,47,99.97,3,159.28
23945.64,433,30,79.97,4,72.02
47659.71,475,59,92.36,2,119.7
46917.63,221,67,67.5,2,84.12
131749.63,231,33,87.74,4,288.76
80163.0,358,61,50.7,4,130.27
49330.36,385,18,12.42,4,142.14
56209.05,260,55,70.96,3,192.72
50227.44,557,30,60.15,3,129.48
43844.18,65,54,48.54,2,134.23
27028.98,194,29,27.5,4,37.02
45112.81,304,41,78.42,2,191.45
32521.15,171,31,82.04,2,134.4
24644.93,2057,39,36.42,3,148.42
64936.94,411,65,92.78,0,153.71
60790.91,481,40,36.97,3,125.34
18348.64,248,69,10.76,5,101.17
45822.18,397,36,16.65,2,105.58
84764.81,119,61,49.45,5,168.65
87778.6,340,20,7.99,3,35.69
86181.45,158,38,71.84,3,177.58
50081.26,305,35,79.51,3,160.57
30798.62,31,61,54.95,3,126.56
27010.09,130,44,89.33,5,112.26
59250.69,1743,18,95.43,4,214.18
60391.52,925,24,44.76,4,214.07
99511.86,1508,28,8.91,4,236.89
89768.45,1616,54,23.13,3,220.32
45582.28,790,52,65.76,3,169.31
24727.88,256,38,40.58,3,41.17
41129.93,142,34,68.5,0,136.94
55241.91,1269,51,66.67,1,206.71
43864.22,430,27,60.54,3,129.91
35673.32,4885,47,15.78,5,150.69
56335.87,280,46,28.59,6,77.56
37153.87,2901,38,37.79,6,109.12
34702.38,344,47,82.44,4,148.45
58180.12,1534,43,68.22,1,221.57
39297.02,2201,48,64.49,1,151.28
56064.46,145,24,67.21,2,149.88
56968.98,248,49,50.32,7,48.97
26194.74,143,55,3.96,5,78.73
37620.99,117,46,20.11,2,139.51
108096.25,786,49,14.03,1,206.2
25870.44,331,40,6.4,2,94.68
15303.55,425,53,31.95,3,99.93
17605.83,703,42,78.77,2,67.73
49811.96,62,27,11.51,3,84.6
49861.5,1460,52,11.14,1,169.19
45950.23,284,20,12.43,4,107.93
95588.18,687,45,26.98,4,192.35
11270.47,750,37,20.22,3,146.37
60947.23,1588,36,1.4,4,254.62
115704.06,363,44,27.65,2,172.03
26363.1,48,32,99.63,3,166.89
39779.48,427,48,33.65,0,150.26
32399.86,493,42,21.13,2,120.73
29974.72,143,33,49.57,0,110.02
40968.38,467,59,22.94,5,141.93
107486.11,281,44,55.96,2,204.91
134667.31,105,50,40.07,1,239.3
40750.91,789,60,89.68,4,114.71
139774.14,229,60,92.79,3,267.63
49989.44,268,49,71.31,2,137.7
128608.74,254,38,21.57,2,172.67
46568.78,1387,23,47.39,0,167.65
52684.78,387,44,30.54,2,115.95
59934.7,436,56,79.83,3,173.78
281635.66,259,46,2.92,5,195.97
78292.5,640,18,66.25,6,146.85
33223.23,1555,53,32.32,3,141.55
83528.97,771,54,48.1,1,179.94
40174.68,801,38,32.3,2,171.7
37445.33,739,54,36.48,4,122.54
80799.88,101,50,67.44,3,161.82
49866.12,167,33,59.55,3,138.73
57137.55,328,58,24.41,2,135.24
49399.32,195,25,4.36,8,17.55
58989.85,139,41,85.6,2,263.58
61928.22,62,39,49.23,5,133.4
16893.23,104,31,61.87,1,56.64
70729.28,312,45,48.85,3,199.01
28563.62,376,59,61.89,6,32.77
22175.33,182,58,62.7,3,104.1
47470.98,436,51,1.5,5,134.7
51338.16,261,19,53.33,2,63.44
33475.58,1200,24,50.21,1,181.94
77425.19,343,44,9.58,0,125.96
23430.73,809,41,74.59,1,152.46
39190.16,494,35,23.59,2,100.74
35536.63,99,66,5.45,3,127.13
47780.7,368,43,80.32,3,181.36
57146.61,117,49,86.51,1,179.95
28160.03,362,54,24.07,2,66.5
73010.28,191,42,68.75,3,169.61
50749.21,591,75,0.5,4,139.13
17316.75,105,29,72.11,6,58.1
16693.5,409,34,46.48,6,57.86
48689.78,715,29,79.25,2,123.47
43410.99,999,62,39.3,1,135.39
46310.27,187,52,35.11,3,128.89
48272.13,410,34,84.08,4,111.88
55495.54,484,30,3.86,5,202.08
82553.95,1895,60,18.72,4,215.48
26606.01,91,46,41.21,7,60.66
25730.07,162,60,59.63,4,54.79
26867.48,6663,41,0.51,1,137.33
57463.44,307,48,57.51,3,200.35
97218.96,60,45,37.85,1,222.44
38667.83,225,33,63.0,3,161.13
12382.82,25,40,90.7,2,100.06
19202.66,513,26,44.09,0,100.82
31002.71,906,48,55.46,0,90.51
36071.17,162,51,46.28,5,123.16
39159.03,251,54,11.85,3,74.57
50072.12,1016,50,79.31,1,167.85
41296.77,70,40,88.52,4,188.96
87302.71,107,62,81.15,1,231.74
33799.13,321,53,94.76,4,117.82
30507.42,190,60,46.8,6,106.0
63791.9,300,60,65.23,4,208.21
21065.6,114,40,16.83,4,74.25
60738.34,499,47,97.68,4,211.57
51865.25,347,52,58.06,3,118.3
45202.45,698,27,26.17,2,103.44
117424.62,492,27,80.54,7,152.71
34814.38,496,25,58.65,3,139.29
152232.46,94,40,94.97,3,248.63
43304.54,660,37,77.0,3,110.41
24285.65,289,23,87.73,0,90.61
50942.65,341,43,54.67,3,128.7
27121.04,1150,40,51.73,4,97.36
32420.11,196,57,75.73,2,160.13
60984.09,1558,68,10.5,0,251.81
66540.77,1710,47,5.4,3,253.48
34815.14,856,32,98.37,4,211.04
84378.92,151,50,91.63,2,207.02
92654.17,45,42,95.57,3,299.64
108008.58,1186,38,6.24,3,285.36
65589.92,450,30,26.93,4,149.62
103765.19,191,35,90.15,3,249.44
17423.25,1304,39,8.95,0,125.1
41157.09,170,52,45.14,1,120.41
30428.87,263,48,34.13,2,85.36
52343.04,681,65,87.99,3,96.27
35799.99,132,50,51.81,3,157.87
44739.55,361,47,29.04,5,131.08
138025.84,1198,38,52.43,1,339.94
44651.99,498,28,11.24,3,103.96
61548.81,1404,34,73.12,4,218.33
43141.98,1253,32,61.83,2,124.87
51105.24,406,18,60.07,4,139.35
49183.29,38,28,43.78,1,91.94
62728.94,133,62,29.42,3,143.01
93052.5,865,46,6.54,2,261.73
121305.41,85,37,94.7,7,153.91
58121.51,290,47,41.66,3,181.32
67795.48,565,18,49.59,5,175.0
26030.51,1753,45,37.58,3,128.89
46707.86,227,58,98.79,3,153.0
82220.44,211,40,79.62,2,186.21
78927.32,382,18,9.58,0,187.42
55071.38,573,36,60.82,5,166.09
79818.99,345,58,48.46,3,159.63
64210.48,1152,45,79.34,3,218.18
94861.05,181,23,99.73,2,166.34
57477.42,454,72,74.43,8,125.64
40310.45,629,25,86.49,1,126.39
58965.79,270,38,50.26,2,141.45
9780.77,934,28,37.36,2,144.47
60511.41,468,28,64.33,1,178.23
6590.42,887,36,74.94,2,90.45
18998.12,489,50,22.75,4,115.3
62847.9,587,58,50.34,1,177.13
63744.69,214,36,11.38,3,146.2
25865.47,214,28,21.64,1,49.38
33134.95,1372,48,88.19,3,183.0
104171.88,761,48,14.47,1,281.77
37563.32,145,45,81.13,3,130.4
168317.3,483,45,37.26,1,171.03
48969.07,37,40,66.35,5,159.92
61354.26,227,43,91.03,3,211.72
119286.2,1054,39,78.09,6,238.39
52683.89,355,55,82.59,5,144.11
28246.1,453,70,26.11,2,102.25
46149.89,19,44,36.17,5,94.51
48070.03,272,41,73.28,1,139.17
23141.71,565,45,77.72,2,69.34
42586.49,642,33,79.01,5,158.16
32591.09,1056,51,74.01,1,132.39
81503.14,326,47,23.16,5,150.1
49962.93,341,36,28.91,0,125.34
41959.59,106,53,94.2,3,148.16
46239.97,328,42,55.39,3,152.08
55421.18,114,29,75.45,4,221.84
68819.87,63,46,59.92,5,196.85
28287.02,136,45,92.45,4,70.46
27642.97,1823,54,86.88,3,129.58
90000.78,307,52,26.14,1,209.92
39074.08,502,40,88.47,7,115.43
22487.99,241,35,30.0,4,57.13
62573.49,67,42,44.1,4,130.51
63250.19,1028,46,85.12,9,167.14
21122.76,45,48,32.4,1,80.42
55615.37,231,45,29.08,6,86.89
73465.46,381,40,66.87,5,159.62
60229.2,508,54,99.97,5,130.96
69396.37,195,33,13.11,2,142.34
22644.04,64,74,70.11,4,73.55
58810.29,181,51,52.7,7,128.91
41504.58,190,27,41.06,3,105.4
37588.95,186,44,74.99,2,145.46
79126.7,1064,52,55.48,5,186.85
110591.77,119,37,79.78,2,234.12
131518.6,545,22,74.39,4,180.3
101027.13,472,28,98.51,1,254.95
46149.72,1054,49,81.09,3,131.1
59515.74,353,19,6.68,3,62.58
74738.65,889,23,77.96,5,147.7
52399.27,339,48,64.97,4,163.31
52676.27,622,39,8.98,2,121.24
77115.86,89,32,60.55,2,169.6
47448.23,28,35,75.08,2,141.98
32823.24,588,22,19.72,3,123.88
39028.2,620,48,43.49,5,166.65
69470.03,649,31,54.25,3,176.2
49101.57,238,35,41.32,3,125.53
59107.64,1789,46,87.6,2,224.12
70865.83,254,38,16.89,7,45.4
39888.25,614,32,77.16,4,139.63
74305.22,731,18,77.81,1,207.49
60376.99,2250,46,44.8,4,261.49
24855.96,293,43,53.95,2,142.6
108365.78,209,35,15.36,2,162.78
37219.59,90,28,19.52,2,81.25
19726.09,1905,42,53.17,6,95.46
27590.48,614,48,22.47,4,87.18
27957.06,634,43,80.65,2,139.41
50447.85,9106,63,61.62,3,181.22
42166.54,558,51,5.66,1,179.48
40730.9,109,40,35.79,4,115.0
68929.26,331,51,85.84,2,236.76
59096.76,152,42,27.74,1,85.3
58327.35,271,42,71.97,5,191.27
61414.77,269,58,9.38,3,133.49
68794.16,224,30,93.05,1,134.39
15376.96,100,42,44.93,3,86.3
40117.14,1983,57,49.16,1,122.62
14777.85,543,46,56.98,4,77.97
50002.73,321,37,36.34,3,122.88
48896.05,860,19,72.53,1,114.04
87120.09,646,18,1.46,2,153.97
94202.21,531,68,16.22,2,210.61
54804.43,800,46,18.88,1,227.23
37227.44,461,34,63.53,2,135.76
64012.82,788,46,89.06,4,210.48
36667.47,856,29,6.36,2,128.34
48983.27,474,37,85.25,1,133.95
84320.05,323,29,81.95,1,140.11
36070.32,1863,23,7.66,3,158.92
76353.05,250,18,14.32,2,159.94
71151.79,596,21,35.0,4,193.4
28994.59,610,55,11.47,1,107.02
83754.21,219,29,75.83,3,169.65
71984.89,179,48,50.41,4,171.42
51847.36,283,54,41.08,3,167.25
32232.23,246,42,72.49,5,131.75
30559.68,93,38,29.29,3,76.36
36471.47,210,43,87.15,7,160.77
66067.15,526,36,65.4,2,141.28
28981.3,1430,57,34.65,8,14.59
62357.03,702,66,53.99,9,102.01
24761.23,29,60,25.94,2,80.98
43816.35,766,18,98.5,1,132.88
52068.02,230,36,43.56,3,143.56
188117.41,634,42,89.68,4,222.7
22982.23,397,48,97.8,3,95.82
110151.06,332,19,53.58,3,190.06
53231.91,364,19,73.0,1,131.53
61460.17,394,58,57.22,5,177.03
52317.77,1547,34,9.16,3,209.24
62604.96,395,22,95.24,2,137.92
45047.52,1194,27,45.66,3,114.35
109068.09,1032,47,89.41,2,290.09
38137.02,786,31,65.56,2,112.12
91375.17,67,45,10.52,4,163.78
34392.65,1232,29,41.71,3,98.55
47422.95,255,19,19.58,2,128.21
27185.0,825,60,16.99,4,88.64
62960.51,152,47,71.51,5,192.73
108534.06,123,37,3.0,2,199.75
46978.91,2911,35,96.61,3,168.44
43989.79,154,61,44.99,4,113.44
26554.66,1269,49,48.98,1,123.48
43212.67,454,56,29.94,3,94.61
20413.73,265,34,8.56,1,12.04
29670.75,385,42,58.82,6,110.48
55532.98,109,47,34.48,2,157.1
101261.06,397,34,62.41,4,208.09
229823.29,136,40,55.58,4,199.85
35503.2,271,34,21.69,4,130.55
107949.1,1017,47,46.17,2,262.88
56053.61,520,24,30.81,2,131.42
45107.95,91,49,23.97,0,102.88
62188.6,945,46,76.97,6,169.24
50718.91,400,39,1.19,3,108.95
52089.45,234,47,26.89,3,132.05
39160.22,851,37,53.11,4,184.84
22720.88,341,33,47.61,1,76.41
20973.31,125,49,94.02,5,109.94
70212.71,2560,49,84.37,2,216.02
42100.5,396,35,75.16,1,127.98
35318.11,371,34,51.41,1,73.3
49250.66,269,39,42.89,2,151.9
75903.09,1312,34,3.66,2,187.17
54133.05,238,61,82.17,4,117.54
34172.27,86,46,43.07,2,124.47
96226.6,204,42,32.1,2,247.81
116838.98,1520,29,60.66,9,194.78
64344.46,927,51,75.41,4,199.18
83743.59,312,34,52.31,2,173.81
97059.36,1592,33,14.96,2,261.84
91267.92,852,52,92.16,3,259.73
68717.18,309,47,11.28,5,90.76
68124.41,341,18,96.96,6,118.87
65239.04,560,39,44.25,0,205.19
26808.23,175,43,94.66,1,147.5
72070.33,405,37,91.46,1,163.19
23255.62,549,44,40.63,1,66.2
31665.1,74,18,80.0,3,122.33
100404.35,333,18,8.98,3,132.58
77817.46,297,29,8.27,4,122.88
111087.01,1127,45,35.6,2,275.86
42217.03,63,18,60.98,4,100.96
26010.7,275,31,0.93,4,45.8
42948.61,249,18,51.52,3,123.37
51850.36,1053,38,97.56,3,139.83
51197.39,386,67,85.84,6,101.59
91447.86,2431,39,23.25,3,314.59
40187.1,782,40,52.81,5,186.39
59493.3,267,52,17.14,4,148.07
28460.01,512,42,26.33,4,128.97
62797.75,283,39,92.3,3,221.55
49104.68,952,54,99.78,1,141.77
32454.77,106,48,24.26,4,71.68
43057.59,177,45,21.21,2,131.91
44298.38,636,40,38.39,2,133.85
42252.33,1374,37,44.59,1,208.63
129863.31,44,53,8.92,3,210.87
46437.13,1594,37,14.77,3,180.68
42866.98,350,58,42.48,1,102.82
15466.04,61,28,23.54,3,71.6
29977.01,20,60,84.49,3,55.16
42417.22,87,48,75.15,1,161.41
33616.79,395,29,53.63,2,157.74
104813.64,377,48,43.26,2,262.24
44769.58,759,33,83.1,2,120.93
99572.8,232,42,16.6,0,150.61
50713.0,133,35,88.74,0,139.57
50034.86,266,40,4.91,1,94.13
46684.24,417,54,92.34,3,143.77
49123.26,508,48,13.88,3,65.53
126163.91,183,27,81.21,1,234.32
13687.17,993,28,1.8,1,52.5
16303.74,216,45,81.51,3,153.06
36361.15,169,46,58.41,3,65.98
49414.06,234,33,1.9,4,115.09
71650.64,1181,62,77.42,5,222.42
63589.14,353,52,10.16,5,76.07
39682.47,201,33,53.99,5,168.66
85860.06,1018,32,33.2,3,234.06
86388.3,3438,39,75.92,2,272.49
54243.14,497,37,85.32,1,137.31
83238.2,1385,58,46.43,1,212.44
56951.48,1136,54,75.79,6,190.17
35996.76,220,42,91.66,6,123.23
71955.22,414,50,68.92,2,156.52
52095.68,111,52,32.2,0,92.3
49056.94,328,42,46.33,4,135.01
110207.97,215,47,23.0,4,205.47
12733.87,269,49,45.84,3,113.11
22477.58,190,48,24.59,1,118.13
25517.28,302,31,80.72,3,131.08
40143.13,686,33,60.99,3,93.78
42615.17,357,38,63.32,3,133.24
21396.25,62,32,11.03,4,68.33
28514.36,191,22,0.15,2,66.54
30532.2,88,50,78.92,4,167.65
189393.71,514,46,54.23,4,220.48
132052.93,667,24,93.16,5,201.72
39086.71,521,38,53.72,6,109.08
40136.01,183,39,21.47,5,112.2
26054.29,516,44,69.85,2,105.33
17163.29,252,27,70.1,2,78.24
45968.69,129,24,6.55,1,145.85
28315.97,847,48,69.37,2,104.15
46785.67,914,22,21.25,4,106.53
20330.69,1041,38,25.45,5,92.07
32238.42,219,37,3.14,3,87.41
53196.34,1312,40,62.74,3,158.2
59958.94,246,45,73.17,7,137.58
61673.5,775,62,23.05,5,148.09
23711.87,242,21,79.25,1,102.46
78439.05,322,53,76.2,4,136.13
31567.51,35,18,40.98,1,43.64
69429.83,298,60,6.82,3,146.81
48734.8,441,18,28.02,5,72.58
22993.96,267,73,16.54,2,61.14
41195.79,2335,36,95.88,1,170.6
59931.05,126,58,81.77,5,184.63
68674.34,229,56,7.84,2,116.91
45363.21,163,36,51.35,3,120.75
113831.94,229,37,26.69,5,181.21
85317.16,1131,31,3.21,2,249.04
42567.24,1768,52,32.23,5,137.59
74055.27,200,36,12.76,5,127.45
142000.58,195,31,22.27,2,218.54
144100.54,126,48,32.65,3,190.73
24949.28,1489,30,40.89,3,65.85
29448.75,1237,37,46.84,2,92.72
110935.62,362,43,52.02,2,252.88
27390.33,99,33,37.0,1,83.11
23685.12,109,35,49.83,1,99.06
37518.64,478,61,41.79,4,127.15
61767.01,698,39,96.44,6,177.64
46336.34,51,37,6.76,5,32.53
34275.63,292,39,58.6,3,127.04
33832.7,2035,47,19.36,4,152.65
33130.67,324,28,37.54,1,111.99
30220.32,1789,47,54.65,3,180.98
171939.52,772,45,75.98,9,220.49
57735.71,136,18,97.77,2,176.16
79835.02,301,65,49.36,4,106.25
37459.19,354,60,25.7,5,170.1
44255.01,155,31,79.16,1,143.84
33108.5,152,27,22.16,2,101.86
11402.19,1820,44,50.78,6,111.94
22973.46,151,23,84.67,5,88.66
18108.92,1186,59,40.38,5,149.82
14223.05,260,35,55.7,5,80.41
25401.22,393,63,11.96,3,130.41
101592.56,707,31,5.6,4,222.69
47837.26,221,40,98.63,3,140.0
99688.95,711,58,17.89,4,273.51
61453.77,52,37,33.55,5,166.25
75388.3,626,45,50.47,4,149.52
29866.92,34,56,37.45,2,40.79
65393.17,321,34,9.73,3,153.82
73188.44,947,25,19.69,2,228.71
35697.79,751,23,49.34,2,128.14
66685.79,110,49,43.88,1,173.06
66930.05,125,47,79.82,2,231.42
36233.74,202,55,31.18,5,123.58
26435.88,486,38,94.03,3,79.96
25558.61,52,23,28.28,6,0.0
51409.49,398,18,33.13,2,124.3
58680.07,550,79,94.93,2,161.4
31701.23,303,48,84.05,1,182.57
49742.85,682,43,31.7,2,136.98
67090.34,504,45,39.53,2,186.97
68871.99,234,23,84.23,2,188.61
115097.41,58,31,8.61,3,213.63
98946.98,461,64,29.47,3,231.78
28262.46,155,50,53.16,2,86.35
123744.27,226,32,82.89,3,234.02
36605.83,651,26,56.46,2,130.51
87088.49,1664,35,48.98,2,234.98
50888.52,388,37,96.21,1,173.13
39078.11,702,68,11.64,2,116.45
18138.04,95,39,78.01,4,67.85
44606.71,515,26,12.7,1,83.28
20792.33,379,41,73.28,3,89.4
83450.97,1379,45,54.31,1,256.86
112897.54,234,25,26.46,5,170.71
31624.86,316,47,54.33,2,148.17
57877.5,1163,57,87.94,1,216.61
32893.64,367,43,47.22,2,133.43
34694.39,133,31,0.66,3,97.67
75054.67,5175,35,5.66,2,193.34
47992.69,137,20,63.26,4,128.73
127619.24,378,40,67.79,4,268.78
37600.48,570,46,40.18,1,123.97
84934.44,527,30,24.28,0,165.16
51718.84,333,67,71.6,1,138.61
75938.41,335,52,30.42,1,156.11
38332.88,318,18,7.4,1,81.13
47702.67,132,18,40.96,2,100.96
46003.63,3464,29,53.91,5,105.3
30951.25,323,62,96.56,2,165.05
70554.79,732,53,59.22,1,175.68
70097.12,288,63,20.83,4,146.02
67945.08,282,42,83.22,1,211.16
114157.13,255,39,29.15,6,169.9
108786.19,85,25,95.93,4,216.41
39885.99,343,46,32.53,2,123.58
60185.02,268,39,90.95,2,188.78
34787.72,1301,38,87.9,1,148.94
49654.56,121,63,86.4,2,202.16
35247.07,226,40,3.94,1,70.48
119496.06,164,59,84.99,2,255.45
59876.18,1707,21,72.13,2,266.14
43481.2,169,76,33.43,0,105.09
94512.77,707,37,49.01,4,202.53
14856.04,1064,51,63.99,4,77.26
16191.53,348,53,94.35,2,82.33
75940.94,101,35,78.01,3,185.22
50678.53,103,52,42.85,1,125.92
56260.36,953,53,64.54,5,193.56
23634.96,114,32,18.59,5,101.15
48398.37,597,32,42.39,4,120.09
147551.15,452,42,79.13,2,185.24
77134.8,588,40,60.66,5,208.44
53816.67,646,60,78.32,1,97.47
38504.11,158,51,50.98,5,137.62
39457.72,152,41,38.01,1,138.71
15198.33,824,49,74.25,0,99.67
56483.41,215,18,9.38,4,144.64
78043.04,25,34,97.86,8,140.81
20607.48,771,45,94.84,3,90.84
34071.64,143,56,88.04,3,91.92
25936.19,643,44,88.43,2,52.94
28826.69,1624,60,51.11,3,195.84
50484.16,410,53,49.79,4,146.66
15577.44,1091,35,82.01,6,85.19
68723.65,470,40,28.33,3,235.79
74207.48,1973,47,84.99,3,229.34
42697.41,139,36,20.09,0,104.44
12526.61,400,61,87.91,3,47.44
28338.31,790,27,54.11,1,81.76
96577.02,333,46,84.32,7,184.51
10637.1,1276,51,49.31,3,112.41
40492.1,261,37,60.84,2,163.79
25616.7,3195,34,92.68,2,149.28
76306.52,3368,41,41.82,4,257.01
33815.93,534,52,22.03,3,89.8
61216.66,701,35,9.1,1,164.54
66903.28,1328,28,59.0,3,238.11
134581.36,123,56,61.11,3,278.92
43843.51,108,47,62.07,3,138.48
60284.14,1417,55,3.72,3,220.34
21659.93,530,51,2.74,0,121.3
94346.31,321,70,89.54,1,229.68
32264.41,407,56,69.55,7,89.93
36011.2,37,32,11.33,6,61.4
48424.62,333,48,7.46,3,82.3
20752.33,189,34,16.19,0,50.31
55593.61,1010,36,80.69,4,203.19
83458.64,1091,23,72.31,4,180.63
57590.54,718,38,63.87,0,131.4
20457.53,599,49,64.08,3,114.91
45793.84,90,41,85.89,5,163.19
73726.38,728,27,33.35,4,135.1
17450.2,757,22,32.22,4,52.09
27143.11,1401,69,42.54,3,121.16
79387.72,3355,46,98.97,1,292.38
56871.66,74,31,55.49,7,140.52
61487.2,273,48,54.69,2,203.68
136314.79,192,70,80.96,4,216.52
63430.75,479,50,17.81,3,174.18
70392.25,408,18,40.54,2,146.15
217708.01,319,76,64.14,2,187.54
43582.35,1127,18,98.8,6,106.07
31607.97,134,39,15.45,3,76.12
62024.7,142,27,45.2,4,131.68
62407.77,144,32,90.56,4,175.7
36691.73,281,45,72.55,5,128.81
27783.06,118,18,61.38,1,82.42
174628.2,384,40,25.71,3,160.88
58674.7,341,56,18.72,3,114.47
32769.16,183,31,37.42,4,154.28
81126.23,966,23,25.51,4,185.48
46164.67,380,40,80.85,4,146.22
42655.66,1167,37,72.07,2,172.86
66786.09,331,34,83.52,2,184.41
24087.9,393,26,17.11,8,0.0
59512.7,229,48,31.0,2,138.08
140382.36,400,49,76.86,1,284.46
63347.94,822,28,16.35,3,175.8
39858.2,267,29,14.56,2,144.0
37089.61,677,43,38.31,2,116.02
39117.02,178,29,18.64,5,85.21
42630.3,861,44,7.89,1,126.8
39823.26,225,61,31.28,3,101.07
81143.24,945,41,87.56,1,184.95
18896.56,428,26,5.65,0,81.42
78755.23,1846,47,56.61,2,194.17
39782.1,127,39,56.3,2,140.71
60314.11,92,40,53.08,3,173.33
26374.6,217,48,50.55,4,109.56
101798.14,101,50,1.72,3,172.17
97255.73,101,42,4.75,2,210.77
83097.91,751,41,51.12,4,213.33
21309.0,401,68,96.83,3,90.37
77343.87,249,57,40.8,2,212.32
61247.01,273,52,47.23,5,172.52
20274.13,222,43,98.21,1,114.16
48370.07,2101,28,77.91,2,199.48
59903.72,193,56,77.01,3,195.67
66558.82,107,43,50.47,3,215.54
54040.75,894,34,89.79,1,117.0
57536.64,325,38,58.12,2,163.04
110247.85,3098,29,65.67,6,229.1
96212.89,238,55,78.76,7,132.76
10128.61,940,50,40.66,2,97.12
41167.68,1190,44,95.33,1,157.37
44776.64,239,41,98.8,5,100.29
18701.25,191,33,58.71,2,73.04
51627.03,846,18,22.21,4,177.93
97422.92,716,23,77.49,5,237.47
26967.5,98,32,32.21,2,55.39
58983.94,130,30,57.71,2,146.03
29622.73,31,45,8.67,4,84.17
33875.54,731,52,80.74,4,74.85
110477.43,310,40,95.91,3,268.63
36373.41,343,60,9.42,3,40.18
63209.94,74,31,73.16,3,222.79
17515.3,134,40,86.08,5,130.57
136526.59,250,41,10.95,3,141.13
68285.92,205,56,24.68,3,134.1
44339.23,453,43,39.19,6,88.66
67275.44,723,43,83.68,2,118.82
22575.02,3903,20,49.34,1,109.06
93938.15,395,30,13.7,4,223.91
41019.73,1230,56,25.64,2,94.9
43816.33,175,18,46.74,4,124.38
37406.11,75,59,3.93,3,84.86
35619.26,283,48,63.1,0,164.62
71830.81,81,32,2.53,3,121.48
56429.58,409,31,78.09,1,140.72
70154.94,184,66,73.39,1,141.52
48784.26,57,60,86.54,4,135.21
65007.63,2289,40,15.77,0,226.46
38934.39,235,43,60.26,1,165.38
167100.8,78,33,78.1,1,231.75
20694.81,990,43,51.57,3,49.45
98077.72,194,33,13.08,2,179.74
104021.11,1200,40,9.89,4,237.18
30678.36,193,65,60.59,4,131.21
167058.69,234,40,49.76,4,234.44
84754.97,569,28,92.96,1,191.23
83627.4,730,24,83.38,0,158.01
49782.17,869,43,72.37,1,149.66
43500.41,368,32,98.24,9,52.21
43687.84,684,45,69.46,3,128.36
60766.37,850,20,9.24,1,170.0
105942.57,493,50,7.76,3,261.11
54161.35,349,28,81.59,1,133.14
29694.17,95,42,36.07,1,80.66
77144.45,734,37,92.43,1,189.73
81359.5,420,64,11.82,2,134.34
70267.36,266,44,19.88,0,113.25
73867.22,1447,67,77.32,0,200.7
42234.37,96,49,84.75,2,203.35
29409.0,2088,60,86.72,6,91.61
30408.99,394,39,9.91,2,113.1
19940.24,554,46,38.18,2,74.32
55844.24,271,57,64.64,3,206.74
46821.75,76,53,91.88,2,131.32
38484.34,350,48,23.9,1,62.32
9647.07,563,37,60.03,2,107.71
24685.6,793,39,14.35,3,60.8
90804.34,330,56,74.73,5,195.85
34011.56,45,59,12.75,2,65.44
59773.96,86,34,100.0,1,212.1
22813.85,3140,32,9.23,1,112.74
108151.47,135,30,68.53,7,147.78
45287.43,1680,52,77.7,3,174.08
57498.96,158,29,25.8,6,72.49
176165.45,336,52,25.48,1,159.31
112875.65,753,49,59.61,1,225.42
41414.61,177,34,63.05,2,133.73
35373.88,1982,62,72.05,1,135.14
40984.54,435,22,58.03,0,123.43
64889.69,639,63,17.45,3,186.16
46264.34,308,46,92.41,2,139.02
39443.15,779,18,16.66,2,180.93
109858.64,1956,62,56.52,3,289.49
46036.26,353,54,92.0,5,144.94
173646.0,2274,36,91.3,1,257.8
51529.43,218,29,16.79,3,86.09
130865.47,866,21,23.86,5,229.72
59666.48,657,73,60.19,3,171.2
83252.07,138,29,33.72,7,78.52
32907.76,499,25,73.09,3,133.57
30651.36,406,45,52.24,0,134.01
63122.86,171,20,26.61,1,163.8
84432.21,577,29,41.1,3,189.77
50118.28,466,54,69.11,1,141.18
24160.73,375,48,78.51,3,118.47
23198.85,376,36,36.96,2,121.98
22361.03,368,42,10.5,3,101.9
18542.26,279,36,35.33,0,90.48
52063.37,463,41,63.05,1,144.02
91014.5,211,32,75.98,1,282.59
48660.42,5749,34,87.97,1,166.82
14140.13,98,34,96.19,1,143.22
44138.24,224,32,52.94,5,101.4
44822.28,243,55,88.02,5,188.64
155251.14,3104,52,26.21,2,297.29
21995.08,107,29,55.97,2,80.11
39542.34,617,26,53.94,5,114.6
125269.03,517,39,76.87,1,223.02
62786.04,563,70,77.31,1,159.61
66824.31,1389,28,28.53,4,226.93
52209.59,1360,39,88.59,3,192.38
58774.83,256,43,89.15,3,148.34
75183.36,489,40,94.82,3,223.78
31406.89,62,36,45.76,10,57.46
79453.9,445,57,98.74,3,179.31
23036.8,182,47,78.49,7,56.5
58723.92,334,52,65.32,3,200.42
54084.75,74,49,43.23,1,124.71
34927.82,604,53,84.24,1,125.83
48412.97,73,62,76.41,2,131.35
34808.01,467,59,58.56,2,160.92
27188.91,118,72,99.71,6,66.24
40356.67,172,57,24.95,4,101.88
26710.35,1280,33,64.18,4,107.83
58544.28,726,53,32.11,2,156.24
26041.66,1273,51,45.78,3,151.72
72517.8,1919,66,33.89,2,195.4
25595.88,186,29,33.46,3,91.27
35901.62,1806,49,37.68,3,175.54
34768.54,93,33,5.67,4,95.41
101603.24,850,48,3.99,2,247.06
58786.03,246,39,72.49,3,138.85
43632.01,159,48,31.09,3,130.63
64491.95,745,23,2.12,2,140.56
15383.4,1037,52,8.15,0,94.67
47871.54,1007,44,19.58,6,78.37
147065.42,500,43,4.82,4,236.13
52722.13,460,67,94.61,3,97.51
50886.46,683,37,56.84,3,100.96
66268.54,546,46,39.4,2,182.85
80224.39,693,43,53.27,2,165.11
16340.36,494,44,11.28,4,29.19
19432.85,937,70,70.18,2,81.73
55031.46,79,42,96.96,7,196.26
33084.42,353,34,13.07,2,113.49
100872.63,101,66,15.26,3,151.96
41218.98,532,38,62.87,1,144.86
16915.88,2083,21,15.19,3,130.9
24406.2,251,32,12.61,3,11.8
10804.07,458,25,67.05,3,77.51
43097.96,859,18,61.87,2,149.44
44195.96,51,37,21.77,5,58.46
38814.36,239,41,82.32,6,93.39
88732.67,580,57,10.53,3,152.45
94767.89,22,50,33.26,2,198.02
44635.57,151,49,73.89,2,181.85
15152.46,1213,30,61.39,3,153.31
68837.56,1099,53,60.01,3,224.43
66532.65,586,60,68.63,3,136.69
58114.2,974,47,64.65,4,239.24
84104.37,500,47,87.43,4,193.71
25831.36,703,25,56.88,5,80.56
147977.49,294,55,40.13,3,229.43
28920.75,452,65,76.61,3,105.12
74018.67,214,46,25.92,6,77.63
19379.26,1427,34,75.96,3,107.24
29388.37,1847,39,28.0,2,120.46
112871.21,1603,36,48.04,4,230.05
42467.96,268,37,73.92,6,84.55
77804.72,155,50,62.77,4,150.13
55844.45,1446,45,8.57,6,185.08
46271.11,694,55,44.66,4,91.67
103789.25,560,46,81.19,3,239.68
43037.95,214,30,99.68,1,163.88
18408.98,617,35,46.68,5,84.15
31514.97,136,34,8.59,2,108.13
66380.29,760,39,36.62,7,164.18
60932.99,1601,65,48.99,0,220.69
20704.74,2061,67,7.34,5,102.49
32912.63,819,52,86.43,3,113.24
35598.3,101,43,53.88,3,108.79
40094.39,491,24,41.61,6,113.47
22999.95,3427,44,39.72,5,112.77
34696.56,169,31,2.83,3,87.25
32835.46,380,63,51.89,1,121.02
74932.52,1658,21,47.56,2,230.14
76497.76,747,46,34.59,2,186.93
45243.05,4818,30,65.87,3,142.22
39512.73,193,41,41.1,4,143.61
52942.32,149,50,57.18,6,41.76
31284.68,1372,55,88.5,6,120.01
26088.3,122,41,36.39,2,59.09
29227.88,331,51,39.79,1,29.2
34573.85,377,33,86.59,4,126.12
25850.61,1136,45,35.81,4,87.05
53590.8,745,55,43.94,5,119.26
73228.77,637,46,80.08,2,246.67
20477.79,269,35,59.19,5,106.61
49703.01,1359,38,93.39,1,217.15
43435.63,22602,55,47.07,6,107.07
59149.88,805,27,47.9,2,162.65
48673.19,445,29,4.29,2,111.61
22037.93,110,49,19.73,1,61.96
24481.82,213,36,54.0,3,37.4
49820.56,325,23,18.71,1,144.65
86321.11,236,59,45.36,2,156.35
14504.25,396,27,28.33,3,58.33
59287.25,2387,39,2.08,1,231.36
94305.25,1404,33,47.51,2,246.92
45063.86,344,38,64.63,8,49.76
66344.18,120,30,33.82,8,133.07
33299.98,1536,51,77.65,2,148.2
45905.88,384,43,14.61,6,75.58
20100.45,71,54,9.13,5,59.76
13502.24,822,34,93.48,2,93.12
82332.5,1125,69,92.17,5,206.84
28516.92,35,18,40.65,3,129.26
38156.82,176,21,41.99,4,83.24
22867.15,361,64,85.1,1,84.02
22573.16,840,48,53.05,2,108.47
44550.97,240,46,11.71,2,64.19
32818.0,175,47,11.49,3,127.04
60348.06,834,49,13.11,2,192.94
62874.51,252,45,78.08,1,191.77
58481.59,693,29,60.19,0,175.9
55895.01,132,52,29.98,1,143.75
116747.94,104,50,16.21,3,221.86
27250.4,858,60,12.35,5,96.92
47561.83,519,64,74.14,4,135.56
91398.05,1014,46,88.59,1,224.36
98272.24,236,26,53.11,2,205.39
22427.2,182,65,77.27,4,94.97
41282.94,1572,28,28.31,2,197.68
103462.72,87,46,58.57,4,185.38
64824.8,1410,38,43.8,3,212.98
54578.46,1510,36,8.77,3,215.07
43489.44,953,51,48.74,5,97.63
39692.18,202,45,84.68,2,132.86
57441.39,178,48,5.18,3,180.77
42667.56,326,31,47.71,3,129.24
47886.16,110,39,87.33,3,174.75
51186.41,154,31,79.01,3,161.14
33760.97,768,39,49.34,3,130.28
65687.97,772,40,17.13,2,201.51
243490.83,141,65,84.85,3,259.72
18447.01,793,38,15.31,0,67.36
58583.41,635,18,27.68,3,194.98
32270.07,1826,60,12.43,2,133.29
67344.16,712,47,45.9,3,195.93
50292.27,1162,40,62.92,0,212.98
74534.7,650,36,82.71,7,103.06
93575.94,1074,29,46.13,2,266.06
54493.22,111,67,97.07,4,148.42
91366.01,357,42,59.59,4,176.05
13502.58,388,19,60.44,2,76.74
117565.25,316,46,17.53,3,162.78
60251.59,628,57,19.01,1,176.96
88682.14,760,44,57.66,2,201.66
25061.01,597,30,72.09,2,116.76
31041.38,338,29,20.47,2,80.42
53117.73,193,30,48.4,4,80.97
48563.58,1208,61,35.62,3,119.31
57278.91,572,41,43.88,3,223.25
89008.16,145,20,22.21,4,213.73
18566.77,332,46,14.07,1,124.36
83750.76,70,43,32.05,4,108.21
49244.6,417,36,86.89,2,94.45
43823.26,330,28,80.52,4,108.32
21826.64,227,28,10.17,4,75.57
64645.69,1967,56,8.78,1,285.81
12993.97,126,45,49.3,3,115.34
70025.64,817,48,27.74,1,207.75
21576.11,3592,45,82.34,2,103.47
50483.5,1184,46,48.62,2,186.27
45910.87,390,35,85.27,2,134.77
93269.27,129,39,10.82,2,218.39
44433.09,103,57,97.01,3,140.83
33463.94,267,60,76.71,3,149.81
37099.86,202,26,73.19,2,141.91
98724.21,196,39,94.02,1,256.22
65838.72,291,52,47.03,1,154.12
39652.27,364,66,14.89,2,94.78
43042.98,655,65,49.69,2,116.77
20703.39,117,31,81.52,2,87.27
60697.68,203,58,85.95,1,214.21
18622.04,343,42,48.85,5,130.56
74123.51,331,55,73.23,4,182.52
52614.23,2531,52,24.7,2,188.19
182193.3,508,25,23.05,2,231.7
26767.01,80,49,58.63,5,98.33
46329.58,612,55,42.18,5,153.26
131802.28,696,41,16.11,6,173.99
94396.97,355,38,76.14,3,253.99
33425.8,119,21,53.21,2,163.38
55446.96,2340,50,52.04,5,265.18
49074.74,138,44,18.93,5,96.33
57243.86,781,30,24.11,3,223.77
33380.45,492,37,69.27,4,97.89
46670.79,735,44,85.19,4,126.13
20354.78,2223,34,17.72,1,141.47
52802.72,707,42,81.23,1,178.29
62787.51,230,19,78.81,5,144.73
43257.22,1219,59,81.49,0,161.56
20165.37,214,42,58.17,6,49.58
84431.22,475,27,35.18,2,156.6
59903.41,110,18,77.1,4,130.69
32882.36,143,55,47.99,3,135.61
42010.29,424,49,22.19,3,87.71
21474.72,582,44,40.24,2,124.87
27890.03,73,53,45.77,4,122.23
36468.49,663,53,50.53,2,110.1
96339.28,177,44,89.76,7,160.27
34484.77,1450,38,41.12,5,151.54
69711.29,283,36,28.48,3,133.85
36458.36,131,47,96.23,6,105.39
56183.09,435,60,24.19,7,108.57
45353.04,161,40,1.11,0,69.1
79235.61,1435,61,84.98,0,282.8
36528.71,403,46,95.44,4,115.34
20642.54,346,46,68.21,1,132.41
22923.73,729,73,40.76,2,48.6
36587.7,147,63,54.38,6,75.68
24661.95,111,63,83.2,2,119.75
61427.73,606,31,88.53,0,177.18
37942.51,134,70,10.25,4,73.44
180960.42,134,40,86.8,0,236.33
18849.79,931,39,61.73,4,80.97
54830.3,682,18,3.23,3,83.85
26360.6,115,46,10.85,1,75.39
37370.21,217,27,4.55,2,138.36
52985.88,163,47,94.86,6,120.36
13643.87,2383,26,42.65,3,129.55
55840.48,998,65,71.56,3,226.54
139608.74,264,49,0.17,0,177.09
38200.69,717,71,79.32,2,66.48
56550.78,103,28,48.2,1,160.1
86138.09,205,62,92.36,2,213.37
44793.83,448,18,52.09,5,163.38
35613.21,634,44,78.88,5,101.86
14021.47,365,33,62.95,4,125.26
69741.09,516,36,52.05,4,172.09
46062.63,436,35,94.82,1,124.34
28085.93,342,30,49.56,3,55.28
52555.67,300,25,89.24,4,125.12
35559.97,263,36,3.61,5,104.05
36657.22,508,43,65.74,2,166.0
68422.71,608,57,91.17,1,97.3
23479.66,491,45,89.93,2,114.84
87205.56,124,57,48.51,1,147.8
22726.17,148,22,47.21,1,64.88
34047.58,601,36,81.05,3,142.29
141155.92,1757,51,33.5,1,341.42
91130.25,469,46,93.72,6,162.93
51724.26,267,30,25.07,2,101.25
29222.91,504,54,7.44,2,41.98
36640.16,129,35,77.19,4,152.81
51036.76,1493,31,40.47,3,167.35
50042.99,486,48,35.58,1,172.74
46631.01,206,42,32.09,2,124.33
48196.52,341,35,98.04,3,148.7
43568.67,238,34,57.17,1,122.76
22179.23,1497,28,99.19,3,133.37
36898.24,329,36,34.36,5,128.88
81067.97,471,56,41.4,4,129.46
23096.03,716,45,21.18,3,84.52
44167.5,192,54,43.04,4,117.03
31230.03,489,48,6.2,2,128.63
52116.81,530,34,0.06,3,154.05
39586.83,85,20,45.31,3,66.68
110477.43,519,29,74.6,3,247.06
64771.48,385,33,43.71,2,175.16
23825.42,459,32,51.8,2,76.61
70910.61,418,54,44.56,5,184.74
32014.41,522,54,52.68,4,114.15
35690.93,1536,70,77.56,7,43.26
58255.89,124,32,80.38,4,84.89
37404.22,286,62,83.81,0,112.38
80103.17,785,62,21.24,5,173.22
32016.91,652,38,45.78,2,132.45
34876.88,638,48,83.1,2,150.96
34166.33,6333,58,94.19,3,153.18
35914.58,745,41,54.3,3,88.76
89729.54,1250,40,49.3,2,223.12
69274.9,296,33,76.46,1,177.31
125551.23,149,18,99.17,4,283.85
170621.74,294,42,42.59,5,227.68
27808.74,822,32,16.51,5,34.37
50956.65,605,28,83.43,6,70.47
25670.3,603,47,71.04,2,117.06
31962.44,325,23,14.51,3,89.14
34663.92,277,52,32.35,0,70.95
27407.3,337,48,55.32,4,115.41
27486.82,832,36,73.15,3,104.62
45281.04,935,41,78.06,2,128.91
25104.56,147,26,15.57,2,36.3
77899.11,864,51,21.68,3,226.23
29591.3,210,44,74.41,5,53.77
229868.56,644,45,11.61,2,175.22
38243.87,332,48,49.82,1,107.57
51001.47,1930,33,54.6,1,201.55
24042.11,265,22,33.94,2,29.34
125285.51,482,54,79.63,3,210.17
90737.44,739,50,5.54,0,245.65
57716.81,168,35,77.74,3,192.03
23371.17,375,47,64.6,3,87.34
55042.82,309,58,50.72,2,155.63
26455.33,241,56,87.24,5,90.78
109567.43,259,34,20.22,2,228.62
76500.85,1226,22,80.08,6,196.26
51662.71,221,24,18.78,3,110.09
12835.8,710,37,99.04,2,78.47
28541.69,552,61,3.28,6,18.74
71558.36,99,32,55.32,2,179.84
95519.53,678,34,16.8,2,200.04
90223.34,98,33,40.8,2,186.02
20422.51,756,35,14.79,6,46.8
57864.18,242,41,19.38,2,108.55
85693.6,406,25,6.1,5,142.55
19690.97,110,56,0.8,3,78.02
48808.15,455,40,71.93,4,133.23
56988.99,1019,74,45.35,0,156.46
41546.95,180,26,4.56,1,100.9
17699.84,219,62,93.9,6,50.68
40981.09,635,60,66.56,3,148.54
40944.88,651,36,26.43,6,90.2
45186.8,35,36,43.87,5,106.46
35957.42,3027,30,48.93,2,132.72
38420.38,684,30,56.99,6,53.14
47961.87,809,41,85.75,3,205.47
62526.77,349,42,58.99,1,110.41
41463.35,63,21,97.87,4,93.82
39131.89,792,71,72.68,3,145.37
51575.12,229,38,98.85,2,184.8
17043.02,695,42,55.07,3,103.63
63727.36,324,33,67.84,3,118.61
49005.62,511,38,73.79,2,146.93
50102.76,185,37,75.47,2,115.8
83150.2,957,41,2.44,1,195.7
16746.62,122,41,12.75,2,76.92
16554.14,3810,52,22.77,9,67.37
56987.78,3781,44,27.15,5,208.33
48829.3,2064,51,90.54,3,199.16
53830.6,1444,41,72.26,1,221.7
38018.57,370,45,14.33,0,100.27
70643.02,1295,38,42.64,1,220.24
81875.2,366,55,24.31,3,140.4
63971.33,85,46,82.99,4,185.31
42469.62,1813,39,91.78,1,183.98
15379.19,1247,39,16.43,3,65.24
74837.91,390,40,41.66,2,112.07
95985.34,118,42,95.28,2,230.17
69878.07,224,41,65.71,2,215.47
30218.11,65,34,86.81,2,156.39
71010.78,1038,51,35.77,3,244.13
78691.57,81,52,20.97,2,141.09
115537.33,537,65,69.13,1,195.29
30276.88,173,34,13.74,2,51.65
43280.18,96,50,83.99,2,126.95
73939.29,512,18,75.48,6,89.73
50593.36,288,52,30.49,1,45.71
26515.1,932,23,49.87,0,61.83
61576.71,113,29,79.92,5,153.25
67390.81,189,46,93.49,3,196.53
51450.71,37,33,35.22,0,114.87
55313.47,45,32,79.0,2,192.04
42519.23,2436,35,19.45,4,103.98
110531.23,3240,51,90.35,2,262.87
29870.28,442,29,68.63,6,68.82
35488.84,177,41,15.27,2,95.04
49317.88,299,37,73.98,3,164.4
79493.04,966,52,72.41,2,202.68
21513.69,241,53,74.23,3,111.1
23845.17,511,18,34.49,1,90.25
15982.49,398,55,73.98,5,75.52
49910.29,228,34,82.66,5,123.66
26500.84,238,45,34.71,2,62.26
39675.83,540,29,20.8,3,115.04
70527.5,151,46,88.79,5,205.71
34446.12,633,75,62.07,3,95.93
55670.47,251,43,46.04,1,197.97
41579.57,458,36,87.97,4,179.16
70945.19,1609,38,13.6,2,203.22
63660.56,340,22,81.06,5,204.29
33504.55,1012,60,49.08,5,118.74
44678.23,67,46,4.25,2,105.61
87034.41,252,28,97.26,4,186.11
60861.57,414,28,77.81,4,197.58
22735.23,2760,42,21.48,4,126.72
70304.42,56,54,92.37,1,186.4
26996.54,366,27,93.53,2,81.24
106604.63,1731,56,80.05,2,257.35
86099.11,184,40,12.72,0,127.27
57494.07,326,29,18.64,3,171.32
53448.73,562,35,75.4,4,158.13
43696.89,485,64,91.38,2,108.76
71195.73,1930,23,21.5,3,185.88
39977.5,631,32,46.08,1,152.84
55801.91,1521,54,15.48,1,240.81
79186.72,281,44,47.8,3,108.61
35990.36,192,31,64.25,2,212.71
34929.74,321,54,1.86,4,88.6
25415.11,126,55,64.29,0,150.15
27297.22,654,46,63.97,2,101.45
17932.73,274,34,45.5,4,53.68
73233.32,206,36,89.54,4,195.09
132574.89,664,45,13.48,3,176.43
107358.71,128,24,5.13,1,177.54
20043.37,871,59,49.58,5,54.57
73033.25,250,64,53.3,4,151.56
107168.59,1285,38,26.67,2,291.72
38129.92,272,46,96.16,2,167.56
51833.72,758,57,25.37,1,117.83
16246.92,482,67,27.02,4,57.9
56766.68,848,62,81.1,5,142.13
27310.93,450,19,92.28,2,101.33
54709.86,76,37,53.61,2,133.61
20771.53,1106,48,1.91,3,82.67
66076.74,369,35,35.54,0,207.2
86118.71,888,65,22.39,1,204.92
31864.6,804,63,51.1,1,120.12
26230.88,186,31,68.26,4,83.63
14975.75,161,39,39.24,1,67.22
42339.37,776,32,53.74,0,106.74
35600.8,297,39,75.99,2,177.16
20888.19,1029,39,24.61,1,98.98
62891.12,337,54,19.6,4,111.32
38273.62,1122,30,80.56,1,196.27
27128.64,616,18,3.7,4,63.8
36133.84,538,21,15.06,2,84.13
88363.79,277,28,1.24,1,182.46
68296.6,508,33,55.54,4,133.07
45637.53,1329,44,60.01,4,134.87
68906.64,382,27,53.1,4,158.87
25887.06,686,26,41.43,4,90.21
49901.36,422,29,52.9,5,97.95
53158.18,456,27,19.39,1,56.4
37857.71,2260,34,82.62,3,160.78
62286.63,1341,34,98.08,2,209.4
31912.77,436,50,54.06,5,114.93
64886.92,499,29,37.44,5,134.03
66404.65,199,37,79.18,6,107.48
9853.3,339,34,19.31,2,60.03
94340.72,549,52,32.08,2,202.89
9171.0,944,39,94.0,3,75.18
34932.5,853,55,18.63,3,147.83
86158.29,133,27,11.21,2,103.89
41171.12,1071,41,54.64,3,121.23
21885.9,369,34,58.74,3,90.24
26861.37,150,26,59.72,5,37.94
86232.13,1535,41,16.45,1,199.27
17037.51,1742,64,72.11,5,113.18
91212.31,525,30,24.23,3,211.35
47557.46,819,40,94.81,4,110.53
25442.66,869,24,22.8,3,77.17
35571.03,1629,23,1.73,2,147.65
28015.88,835,31,56.78,2,107.05
78938.46,106,36,20.28,1,164.33
73338.08,3010,36,62.86,2,268.26
19043.12,1171,39,22.92,6,74.55
39262.47,242,20,42.81,3,65.95
30492.86,144,33,17.95,6,44.68
99850.61,668,48,42.88,5,183.17
23328.84,305,24,13.65,3,77.69
118459.45,561,37,33.8,5,254.42
48131.3,848,45,19.89,1,126.31
25872.5,228,31,81.61,4,138.77
33775.78,132,46,72.94,0,176.67
31543.08,593,22,16.68,3,118.28
24317.7,236,53,8.29,3,74.45
51645.32,466,46,2.57,3,147.42
24950.43,105,42,22.67,2,33.56
14776.58,313,56,48.02,0,97.53
39782.32,824,37,39.99,2,141.91
18186.4,739,33,97.15,3,56.31
32412.89,183,59,79.22,5,191.6
29732.42,125,65,7.82,8,23.06
30358.48,409,32,15.89,2,150.98
147344.65,707,40,2.66,3,226.72
50565.58,604,55,13.82,3,93.51
56103.53,241,40,52.94,4,129.92
18452.98,543,49,7.67,2,84.97
34211.61,1812,52,5.99,4,168.18
55183.34,495,34,11.82,5,171.44
27903.55,78,47,66.94,4,148.64
80775.95,494,41,1.94,4,150.19
25298.92,3114,26,96.96,1,113.94
41877.28,111,29,38.08,2,112.47
35513.62,415,33,33.66,3,89.58
53657.49,321,54,47.48,3,163.76
34466.06,444,54,51.79,0,123.74
42235.17,489,51,42.0,5,129.99
43050.47,1261,47,48.63,2,182.0
32731.29,439,47,33.97,1,107.42
64010.45,1447,45,32.2,6,191.6
55888.48,358,47,2.73,6,85.6
46688.93,284,48,67.18,3,164.61
38686.57,206,23,61.73,1,124.85
75970.41,65,31,66.88,3,92.42
43057.48,531,28,94.11,4,99.73
41411.61,3146,56,47.31,4,111.08
51926.24,637,63,88.18,2,181.09
124632.25,801,18,44.39,4,277.04
23454.18,266,62,47.76,4,20.0
74863.47,315,43,63.3,2,147.91
17305.09,1079,55,21.59,1,50.46
55243.18,3006,48,21.74,1,237.6
116575.63,1786,60,50.98,1,258.76
64136.42,902,44,6.86,7,136.57
53843.87,417,24,23.67,4,72.96
36017.23,497,40,79.34,2,145.32
49865.07,189,48,46.37,5,72.71
42674.87,94,39,2.66,4,160.05
31815.63,130,50,6.07,3,136.25
41796.52,424,41,91.95,3,203.38
54672.15,301,34,95.67,3,171.42
32145.59,92,27,64.11,1,173.87
31462.29,388,36,18.49,3,146.25
23199.04,293,44,36.81,4,51.62
60772.87,124,18,30.55,3,123.24
66166.38,278,31,78.52,4,190.94
55682.06,292,18,53.71,1,185.13
83353.32,217,33,77.97,2,182.79
51448.02,1019,57,36.05,7,120.34
60815.87,60,26,86.95,1,176.03
57936.95,55,51,42.92,3,148.1
46613.85,404,79,41.74,2,58.16
36608.95,444,60,48.91,0,139.11
165675.1,604,43,59.18,3,210.5
38231.95,235,53,89.41,8,57.01
33988.15,161,24,45.78,1,97.92
62237.03,400,21,93.01,1,171.04
56303.95,259,42,39.37,5,173.54
22637.54,1902,47,32.46,4,113.6
90896.16,291,56,29.5,2,234.53
46545.84,382,34,2.12,0,164.02
26608.55,4795,44,84.91,3,120.18
94261.8,332,44,7.92,3,218.28
69156.1,703,40,33.43,4,144.7
24452.85,769,41,25.05,2,53.95
130281.21,838,30,74.44,3,229.59
70427.46,538,45,93.26,4,148.78
48746.67,489,44,81.67,1,123.47
117550.15,446,36,32.0,2,275.28
53509.46,226,50,45.58,1,110.12
48269.46,558,55,24.7,2,112.66
34092.58,3067,50,92.4,1,171.04
67509.1,1353,28,11.87,4,181.58
63712.22,546,43,95.2,2,180.27
49418.2,949,30,81.37,1,183.47
31745.54,169,43,71.16,3,181.72
52652.1,310,30,77.4,4,174.34
47174.59,1040,58,33.93,2,133.03
23543.12,1784,52,29.59,4,110.96
21818.28,186,56,38.14,0,79.04
66891.98,248,55,18.16,4,150.62
11718.94,3573,38,74.64,6,77.67
54883.93,444,36,47.5,2,124.56
37686.39,2498,64,88.58,2,130.1
100663.21,496,39,87.84,2,248.05
37368.84,516,24,15.59,5,117.15
70454.07,297,55,21.88,2,123.64
39406.95,1035,43,41.06,2,169.75
52185.58,1568,61,11.88,3,186.72
73516.13,143,45,68.94,3,138.88
38009.61,283,41,73.76,2,169.69
84804.61,1007,61,72.14,0,185.59
28380.74,354,21,47.02,3,62.54
57643.11,246,34,84.32,2,182.77
81426.16,1107,30,60.58,3,253.13
70475.51,1216,18,99.36,5,217.56
140652.09,257,53,81.54,2,259.79
32212.45,498,34,72.23,3,84.25
22959.06,120,53,12.33,7,0.0
28370.8,164,47,83.26,4,113.08
70491.22,456,49,30.56,2,145.88
64463.7,416,36,41.89,2,160.54
51856.79,153,32,46.28,2,141.06
26433.14,197,43,33.13,1,59.1
74740.47,139,53,10.84,4,114.4
24994.53,635,41,19.94,5,88.16
92727.68,56,32,80.35,5,174.98
236000.96,146,26,65.23,4,248.85
59966.91,62,44,94.28,3,200.11
67555.82,613,34,82.11,1,175.4
37381.35,66,41,40.22,3,103.15
18112.95,416,38,78.62,3,115.36
35189.55,2078,36,57.64,9,88.1
26873.81,2150,45,28.63,2,155.63
22118.01,66,49,97.51,7,22.95
126411.53,543,67,92.85,2,220.6
56958.28,150,51,11.22,5,135.64
60405.06,122,62,83.94,3,190.75
41358.68,360,31,7.77,0,134.84
44574.66,1377,21,92.88,7,59.35
83324.91,734,41,62.42,0,169.92
48156.65,197,53,16.66,3,90.68
65636.14,816,51,81.73,1,156.87
44011.12,42,57,51.58,1,190.59
40611.88,190,18,5.95,1,105.58
22611.12,176,58,79.84,4,120.15
16518.53,436,46,78.83,2,120.72
42452.49,329,21,48.21,1,148.44
50567.95,350,51,73.11,1,126.57
24164.22,338,44,4.01,3,48.17
48100.07,412,46,31.81,1,137.83
50491.68,692,54,67.32,2,115.95
14975.87,468,47,23.06,6,16.39
29634.11,303,22,45.04,2,60.48
61328.21,602,40,93.19,4,183.04
60650.45,921,20,82.68,2,219.3
25990.3,231,50,55.8,2,59.85
53484.46,380,60,57.67,2,119.71
86019.04,1289,25,88.7,4,225.79
75161.18,133,33,86.31,4,146.88
46517.92,2452,30,8.83,5,155.77
37896.46,105,36,46.56,4,116.57
34677.99,285,47,19.09,4,75.98
63405.18,155,36,8.32,2,122.29
54573.69,3597,50,29.24,4,202.75
69298.06,243,55,61.06,2,199.62
52708.43,244,56,79.44,1,155.59
76904.54,278,27,91.25,4,238.15
51638.66,443,60,42.3,2,153.95
75476.66,290,61,42.23,2,170.6
79138.32,353,62,15.33,1,117.33
31492.68,11,39,19.48,1,137.91
18133.58,427,32,10.25,1,64.29
114567.69,410,29,97.59,3,244.65
56452.92,1139,27,12.76,4,149.38
19092.15,1493,42,75.66,1,115.8
33103.66,334,53,31.78,4,70.51
74946.58,912,58,53.71,3,191.32
42031.63,134,35,87.27,5,102.99
36988.64,868,41,93.62,2,136.44
105924.84,227,40,24.02,3,214.77
27556.45,123,33,91.13,2,98.99
31603.26,335,51,25.21,1,101.29
55064.61,1636,46,80.48,4,242.19
60763.84,483,43,1.53,4,157.81
64407.71,1801,46,53.52,6,224.74
80917.14,190,50,72.58,1,164.49
54678.08,1150,49,83.89,4,211.23
64161.66,210,31,84.11,3,191.76
42507.46,505,53,29.89,4,77.4
50740.72,501,45,85.31,4,134.24
52007.53,781,36,32.36,2,157.4
55177.14,518,45,23.38,1,153.22
74974.02,192,46,0.15,4,178.76
66524.8,972,56,23.57,2,233.49
50227.57,2279,28,11.84,1,161.7
31413.11,225,59,67.49,8,92.13
50879.69,64,42,14.48,2,122.74
48271.19,664,35,58.54,4,129.37
54516.02,289,35,12.65,3,66.11
164981.55,353,28,70.44,4,199.42
36751.16,703,19,28.55,4,121.16
61837.11,255,50,30.87,5,162.68
88225.75,308,67,64.04,1,158.24
51735.58,364,20,93.89,1,180.44
177338.36,1754,29,99.16,2,332.29
39818.16,415,51,35.73,2,167.94
58585.88,117,41,94.63,2,239.45
31591.93,122,52,61.23,5,128.69
40403.08,463,40,90.65,6,49.6
56213.58,130,34,2.79,2,121.9
78078.28,84,39,3.32,4,127.21
58425.18,761,18,7.46,4,159.26
97979.46,799,27,80.44,3,243.8
46526.12,279,54,13.8,2,67.28
40835.51,541,57,17.66,5,136.55
216900.02,486,60,58.54,3,264.25
60890.39,736,47,95.74,5,273.46
33000.74,738,18,56.71,1,120.73
33461.64,29,33,73.26,2,134.88
29188.38,317,59,18.77,2,64.2
82052.38,677,63,91.42,4,202.73
40118.49,267,59,5.59,2,128.65
52577.81,418,38,28.28,2,118.28
47338.08,854,25,45.37,3,151.0
73300.36,437,41,22.62,2,169.52
30769.85,1822,42,66.38,5,136.64
27131.08,1245,62,67.88,2,115.63
55457.02,358,44,21.19,3,192.99
68222.36,330,42,0.86,0,155.58
58858.57,23,42,7.43,5,118.29
31407.45,291,47,0.04,5,113.67
71155.06,104,50,90.54,4,211.74
32561.19,503,32,62.17,1,119.92
36796.34,470,28,13.84,5,91.45
29167.94,809,59,9.25,2,52.37
100271.53,1630,20,81.76,3,231.1
69451.35,392,63,81.1,4,144.75
68373.89,3945,18,92.74,3,216.21
97340.1,509,34,15.93,3,250.15
230258.32,108,54,52.23,7,190.62
19147.47,229,42,12.15,1,72.28
32659.56,277,24,79.56,0,87.2
34930.08,729,47,41.25,4,133.36
30700.96,156,42,69.58,1,95.91
27101.09,299,39,3.03,0,85.67
41572.36,343,33,77.79,2,168.09
25106.15,257,41,22.95,0,77.09
58939.88,908,34,84.28,4,226.49
50434.67,766,73,18.59,4,165.59
63867.49,1295,38,79.01,3,239.19
64812.3,289,37,13.41,1,137.23
68299.23,1342,34,66.34,6,148.72
39919.69,103,65,77.93,2,126.61
157413.11,100,20,38.62,2,170.5
55766.97,119,46,24.43,2,120.89
17599.63,407,38,34.45,2,70.42
28245.61,1342,23,29.66,3,52.93
18820.9,220,31,63.31,0,126.84
49490.4,250,46,4.46,2,101.23
45844.34,325,30,4.14,3,120.28
37887.1,715,45,28.78,3,147.27
148154.27,250,64,27.7,2,211.33
66299.7,236,44,17.71,2,166.61
73083.22,105,23,71.68,3,172.8
29375.3,227,30,2.38,2,89.58
28295.85,1309,38,92.42,1,116.86
50023.24,441,37,75.75,2,131.2
53914.46,192,43,40.3,6,64.29
17659.49,1388,46,85.89,6,138.34
44392.74,224,64,61.82,1,110.06
49401.68,1668,41,57.02,2,231.21
43550.13,1641,27,31.3,3,108.92
31339.52,426,56,66.31,2,131.73
36433.93,90,58,13.97,4,89.47
44477.0,3981,45,52.49,4,128.29
51531.06,594,38,11.61,3,102.41
68366.31,291,50,44.51,3,175.12
88829.22,1049,39,61.63,5,191.42
41693.84,814,18,15.55,2,79.08
38143.63,1496,49,22.21,6,132.07
62361.95,208,53,81.33,2,186.74
68594.3,554,60,25.57,4,166.48
38607.03,123,32,9.56,2,125.08
75713.85,785,44,33.07,4,242.22
84016.79,394,45,93.51,1,113.52
99750.52,534,43,69.38,4,221.3
130362.79,348,43,57.54,2,180.22
30438.73,313,42,84.04,3,225.43
49396.95,169,44,66.02,0,145.41
49325.81,889,51,81.11,5,191.02
46446.65,1789,57,65.72,2,140.7
34300.16,231,32,86.43,2,138.32
21653.9,701,39,62.4,6,78.24
51584.35,621,36,26.49,4,135.37
32125.47,406,34,4.11,2,166.57
51395.01,87,20,10.53,4,57.38
31674.78,109,42,51.24,2,121.54
26774.04,184,48,97.18,1,140.67
55762.9,47,39,75.95,5,198.4
53263.51,1649,41,77.54,0,212.97
67413.8,582,47,66.38,4,131.81
163117.34,391,60,90.35,3,197.03
57097.14,45,36,73.55,4,188.03
64010.02,65,26,25.84,6,49.85
27101.42,402,40,49.95,0,72.06
24153.89,2894,66,40.43,4,110.08
117073.38,200,26,16.54,5,163.32
29498.25,956,50,22.24,3,94.63
27607.17,249,57,28.52,1,72.35
47977.89,426,18,17.36,2,84.31
46648.41,1359,47,21.73,2,133.75
29840.49,285,49,91.64,3,155.03
41450.89,202,38,34.32,3,124.05
96389.89,1665,33,82.75,2,297.74
31467.28,422,34,6.44,5,116.98
22776.4,1201,37,98.18,2,104.72
82324.7,203,38,76.48,3,167.01
64264.54,1646,35,90.67,2,170.88
34846.74,530,37,52.59,4,107.47
20533.4,623,57,63.45,4,72.57
32547.54,460,26,36.08,3,132.25
47567.86,243,19,43.2,1,89.95
93071.16,402,57,75.07,3,245.17
27719.18,259,39,5.0,1,53.83
46794.18,1053,36,3.66,1,126.18
71063.53,329,40,87.49,3,190.24
13230.8,90,44,11.0,3,82.77
86559.07,75,35,72.1,7,159.74
25582.2,71,48,19.95,6,0.0
58841.2,748,29,36.62,5,240.86
56144.04,127,38,29.35,2,127.33
89011.65,544,18,49.03,6,97.97
66370.53,462,57,82.67,4,152.99
13259.77,378,39,87.55,1,142.95
31836.59,625,50,22.2,8,35.0
52892.29,472,48,33.76,1,148.43
44035.93,26,49,83.69,1,89.85
63747.54,291,41,8.96,5,156.16
75671.1,617,47,11.69,1,159.8
68504.07,2080,29,47.96,6,169.31
43571.07,2178,26,79.01,1,136.96
17756.64,103,40,33.6,5,73.53
38157.79,284,33,6.94,4,80.32
61636.07,84,60,96.79,1,153.88
26910.02,1844,46,93.89,3,107.58
69369.4,1110,32,65.19,4,251.91
80790.63,572,38,68.19,2,159.73
52563.48,476,43,93.37,5,109.27
9089.92,1604,41,64.39,5,123.06
24271.34,1354,45,78.84,4,139.51
138330.92,1284,42,46.35,1,308.43
36293.87,636,23,22.8,6,74.78
16460.54,284,18,83.25,4,127.9
96701.68,868,37,68.44,4,259.04
49382.21,912,49,28.96,2,154.33
90013.71,333,37,62.33,4,250.49
57086.75,283,58,81.65,4,162.09
63083.06,1253,41,27.03,3,217.84
59853.49,2130,59,76.82,5,184.52
71942.22,190,56,7.23,1,186.32
171542.57,310,55,62.49,1,288.13
83621.29,573,26,99.89,3,161.56
20554.05,656,42,86.64,2,121.15
62671.61,239,57,87.57,3,207.79
91841.03,2653,45,68.04,2,297.51
94986.06,615,49,46.12,5,253.05
38768.65,686,23,67.72,1,86.14
93033.92,2342,66,32.12,2,270.62
81655.0,257,31,55.28,2,107.36
201770.18,369,18,53.97,2,178.56
32451.41,115,37,54.37,3,81.44
37083.58,339,18,41.2,1,52.66
41424.78,91,27,35.28,3,93.22
37435.62,852,75,33.04,5,110.17
30046.11,614,37,22.47,2,105.14
10727.1,305,23,43.85,2,60.33
38596.44,364,42,11.77,5,74.94
60062.86,863,30,90.16,1,210.33
37373.9,129,53,6.97,5,73.85
142124.63,494,30,83.74,6,147.75
49382.76,812,45,24.12,4,183.72
99714.46,67,27,85.32,1,215.7
56600.96,800,75,72.03,2,149.69
77228.51,75,48,92.1,1,218.46
57158.47,358,40,87.02,2,145.14
104071.3,126,38,70.11,5,264.77
50552.45,1687,34,15.17,4,154.52
64399.84,126,32,54.9,6,120.45
59963.01,77,31,33.98,4,120.04
41833.09,460,63,88.58,4,124.55
61251.3,266,34,87.22,2,175.44
167529.11,89,18,31.4,2,163.24
42246.71,682,26,67.17,2,78.15
61741.14,55,54,33.83,3,137.01
97907.5,143,38,67.82,5,242.05
91779.05,226,40,61.39,4,245.23
49337.71,899,57,51.09,3,139.44
13215.38,1473,31,87.84,6,57.22
65133.0,1215,50,24.61,3,223.69
14462.14,346,33,79.75,4,106.26
110025.28,35,49,68.95,3,233.27
53809.79,596,36,28.13,6,64.05
84950.22,1755,38,42.17,2,221.87
29846.98,1385,52,6.9,5,104.27
20871.1,640,51,59.76,4,24.44
56580.23,122,39,88.79,3,180.4
48123.12,238,35,11.78,2,119.65
37408.47,2790,62,13.2,4,182.77
51357.37,97,49,47.46,4,154.76
224603.01,128,36,28.12,1,208.68
77574.11,1035,33,27.69,4,161.26
87310.34,262,55,63.87,2,158.87
77976.7,123,43,41.03,3,137.79
110603.19,1859,39,84.46,3,252.82
44154.96,639,43,42.89,7,47.96
15833.47,275,46,61.53,1,81.14
44191.05,128,41,39.79,2,80.4
76607.84,3125,57,25.6,0,256.36
28756.23,393,58,47.13,2,106.9
44489.07,1631,48,72.05,2,161.21
33507.57,985,59,95.28,1,143.58
111984.54,239,42,4.22,6,150.29
74028.2,241,50,53.18,4,145.06
70146.93,1713,55,63.6,6,236.41
69001.31,1741,55,8.57,0,207.26
48026.73,61,53,82.92,2,101.74
54647.35,699,50,27.6,6,82.03
25543.76,357,67,87.49,3,120.44
14727.28,143,34,55.26,1,85.7
53238.9,524,39,15.21,1,159.73
58582.7,104,39,73.92,3,186.4
95329.59,253,37,15.72,5,168.93
116335.64,181,18,72.04,3,201.08
116250.1,244,59,80.82,6,194.84
28313.3,375,28,57.55,1,92.16
40386.64,146,44,27.11,2,144.93
63843.1,1945,23,43.73,2,244.83
197313.2,660,50,52.8,1,181.9
110641.95,2427,31,66.58,1,283.86
90732.28,343,27,63.39,4,185.47
39605.24,233,44,40.04,1,162.34
30159.05,2341,32,75.82,6,83.89
75652.01,226,34,77.14,3,187.13
26759.27,337,44,69.63,1,87.68
42995.9,828,52,27.22,3,67.96
46021.88,117,31,46.94,1,86.31
117724.41,821,29,43.28,1,246.61
40332.65,722,42,81.68,3,148.45
12815.53,1435,49,80.82,2,143.59
64695.35,982,61,86.61,5,161.83
33374.19,1480,28,23.12,4,154.02
50183.78,361,37,74.85,4,166.39
46737.98,170,57,87.04,3,162.18
42169.93,3327,67,16.65,3,130.77
75711.65,87,29,3.99,2,129.74
21097.81,96,32,10.55,5,59.93
36888.02,709,46,60.62,1,171.68
71411.98,2048,34,42.16,5,273.44
34970.26,487,32,19.51,4,135.76
20234.74,1095,45,52.83,3,94.92
70806.45,54,62,78.55,2,178.89
90916.98,244,24,85.58,2,237.91
47822.55,61,61,75.17,2,143.97
16672.82,880,34,88.55,4,79.8
72278.6,85,46,60.42,5,224.88
19674.17,112,62,83.71,3,84.7
58095.27,674,46,41.72,5,200.01
30088.4,1166,38,85.25,4,99.02
25902.33,344,51,89.58,5,106.6
38443.68,713,39,68.64,2,121.91
44319.78,690,48,43.1,3,133.14
34395.65,325,39,28.17,4,97.62
67764.03,135,53,32.52,3,190.47
38355.83,709,23,13.24,4,102.1
84044.78,744,28,4.72,4,158.66
57219.23,986,23,41.44,3,162.57
33401.08,551,41,4.27,2,109.0
30446.71,125,22,88.06,8,100.7
19808.71,804,33,65.0,2,118.5
57520.88,402,27,84.37,0,135.89
40335.08,248,61,44.44,3,92.8
13296.98,300,29,22.4,2,36.44
36510.56,202,25,29.03,1,95.83
29864.66,981,45,85.47,3,125.26
116613.77,97,63,12.19,6,144.23
19215.49,149,40,69.83,2,120.66
22186.89,290,41,22.57,3,91.81
90263.04,2025,58,35.32,4,263.64
103385.47,1157,53,0.3,3,243.08
32541.11,78,47,47.91,4,105.99
34625.75,1558,34,12.84,4,170.9
68797.97,1555,47,85.96,5,252.17
13630.91,124,24,9.77,3,53.53
17612.14,32,33,25.04,1,99.0
42007.21,375,60,1.48,5,116.17
114971.53,1239,58,99.29,2,283.38
38574.57,1980,47,64.14,3,116.09
51819.16,168,18,64.36,3,152.92
91453.33,2326,26,51.89,6,230.07
156183.46,43,33,86.81,1,233.03
35693.84,279,39,14.42,2,98.32
48568.95,265,25,79.29,4,176.47
133536.53,1277,38,80.71,2,320.68
21221.93,1477,64,3.61,2,98.44
86264.17,1047,47,13.27,5,207.54
27999.07,104,44,54.71,5,125.13
51862.94,955,28,9.02,2,160.86
42897.1,671,20,28.24,1,115.49
28943.29,75,26,40.37,5,13.21
28546.62,51,20,15.72,3,85.76
57069.66,1139,42,70.41,3,207.04
84757.26,336,46,49.51,4,111.25
45644.81,111,29,63.98,1,81.37
50948.07,327,43,47.43,3,99.66
67113.85,580,61,41.25,5,170.89
28727.49,371,67,49.24,3,113.28
73631.7,85,52,89.95,2,203.31
76929.04,2658,39,39.6,2,280.63
205252.14,1101,51,64.23,1,280.95
39860.56,288,59,83.4,5,134.48
38103.26,300,18,62.11,2,64.98
74826.79,577,61,22.61,3,141.37
76918.93,130,34,12.2,4,77.34
36523.17,557,35,59.09,0,93.8
39271.74,106,37,72.74,7,104.96
66013.99,375,46,76.87,2,126.27
31095.82,125,27,69.38,8,28.0
39112.85,131,38,0.35,6,0.0
51496.86,2091,48,77.38,6,172.12
84775.87,428,44,60.46,1,218.43
35153.19,496,46,98.82,6,86.71
17795.28,53,37,76.46,3,133.82
17083.55,222,51,43.02,0,56.62
24521.92,639,55,67.61,2,129.08
23807.54,489,54,61.59,1,75.67
45024.59,46,47,33.74,2,134.21
25491.9,496,54,53.35,2,92.22
33305.73,582,53,20.44,3,68.26
32024.38,1456,76,8.78,3,103.01
38473.33,209,57,73.3,6,96.5
101455.69,42,40,38.41,3,159.97
70549.59,148,30,75.57,2,187.58
49457.61,134,38,48.83,2,85.3
38041.6,842,37,80.98,4,144.68
38627.59,26,48,73.96,1,106.95
58703.85,257,32,76.41,1,195.17
67595.25,1678,57,42.93,4,249.7
29756.72,406,23,96.12,3,83.11
50014.31,988,20,40.53,4,142.21
16036.28,78,40,79.31,4,150.49
55074.53,81,31,48.96,3,137.94
74546.78,1698,25,23.51,1,207.07
42022.58,446,33,62.89,3,144.27
133131.13,447,32,46.91,2,231.64
30191.6,131,42,26.41,3,101.96
55248.27,446,33,38.25,2,130.12
48064.37,128,34,15.99,2,127.43
46389.86,1321,41,98.7,1,133.24
46033.41,6172,55,64.32,6,174.94
51995.26,654,61,17.35,3,83.23
78149.37,213,43,76.46,3,152.98
104584.95,32,44,60.19,3,237.18
48960.17,74,39,72.26,3,155.56
76758.84,1910,48,58.45,4,205.27
33323.83,144,47,6.05,4,140.52
74703.0,278,59,20.32,1,152.06
32238.11,776,18,76.87,6,60.36
89309.48,1776,38,75.44,2,247.9
165355.42,330,46,75.39,0,276.65
45837.32,269,41,1.52,3,136.22
14677.94,433,29,80.52,3,96.58
36263.24,215,25,43.91,3,75.56
96522.49,227,52,69.37,4,196.1
66449.15,609,32,27.21,5,117.74
56212.95,485,19,76.95,2,138.65
85371.5,3400,53,98.23,2,241.19
63987.91,625,47,25.35,4,168.69
95774.22,1275,40,78.42,0,327.68
81282.26,138,30,60.5,3,109.17
113202.69,682,40,27.31,4,217.17
59714.96,195,57,29.44,3,160.41
80651.5,599,21,73.16,1,81.45
41401.82,803,21,28.43,2,124.56
35213.91,424,33,4.78,3,194.06
125332.09,4479,41,87.4,4,313.36
55210.73,1682,35,58.89,4,238.95
76319.54,1309,50,75.85,4,227.09
52473.16,866,56,60.32,1,171.04
35504.56,2352,45,51.65,2,202.79
49317.81,95,49,77.0,5,131.29
107990.3,1588,45,3.22,5,311.4
66528.26,149,42,31.19,5,162.1
19123.82,229,25,62.75,0,139.47
43547.85,707,28,94.4,1,160.93
130647.95,1384,24,39.37,6,234.19
43582.53,127,40,97.53,0,166.15
18210.19,241,45,75.53,8,41.1
138853.8,444,23,48.49,1,241.03
71347.38,334,42,42.92,5,140.79
47169.04,947,30,12.94,3,120.0
39963.44,12530,28,61.52,3,147.09
88902.32,613,33,5.24,4,118.63
36384.9,193,27,42.91,4,117.11
92183.92,110,49,23.77,5,156.03
66052.65,291,39,95.63,4,182.49
56082.27,157,52,36.33,5,170.39
53105.36,643,36,48.93,2,132.04
44523.28,633,36,37.55,5,125.39
87125.25,253,66,13.72,7,52.37
30456.7,2936,20,35.26,2,171.03
20089.27,193,58,77.9,2,82.49
68730.07,358,63,62.12,1,188.66
69368.01,764,51,43.74,5,234.53
63839.83,984,37,82.06,4,161.85
61343.87,1447,60,0.41,4,207.06
41097.51,619,37,82.66,3,117.34
75592.74,1153,32,5.95,3,229.81
47807.75,207,36,87.03,4,121.48
37499.67,1010,34,94.76,3,99.06
41293.48,996,29,81.92,1,127.89
148947.9,1831,56,1.96,4,260.56
18878.2,76,31,52.62,2,84.85
64529.87,162,41,82.88,0,217.61
19467.26,918,23,54.5,3,36.29
46187.83,28,42,35.99,1,115.28
38619.2,659,26,47.07,3,101.99
15572.07,1164,26,8.07,4,106.85
60716.49,226,40,49.63,2,149.68
39774.41,262,55,2.78,4,55.4
15451.12,137,47,64.41,2,112.99
77789.56,239,48,39.05,4,233.71
107931.65,246,40,19.13,8,136.95
111253.69,203,37,1.74,4,163.29
59720.23,192,52,92.21,3,173.4
50278.46,307,34,55.63,5,149.59
101771.58,303,52,64.7,2,206.51
123662.45,2628,58,77.94,4,322.86
91442.24,272,31,62.66,3,178.63
29206.73,569,32,41.31,3,92.86
54761.34,226,34,62.76,4,148.48
62425.8,223,22,25.25,3,156.3
18118.9,73,35,56.14,2,113.18
63458.94,83,58,20.56,2,149.62
171124.31,120,28,91.74,2,276.29
69700.65,484,59,50.96,1,138.5
110235.82,1183,36,23.38,5,260.95
54209.05,67,69,63.96,4,108.09
47085.95,232,33,9.03,2,136.26
60457.7,102,40,43.4,3,173.31
31297.56,309,30,86.6,1,167.59
28851.68,1182,33,76.79,3,118.4
98367.67,258,59,70.34,3,252.71
104275.14,384,48,47.06,2,180.38
28421.23,1728,55,44.69,1,111.25
83483.09,637,24,1.13,2,145.06
46731.42,188,50,60.0,5,115.59
59094.59,472,29,57.7,2,155.26
63140.66,176,24,0.53,3,135.16
84701.85,614,45,13.7,5,166.23
51302.51,675,44,1.24,1,157.08
106466.87,102,42,25.32,2,146.08
58114.88,480,51,0.39,1,204.33
69099.4,358,53,41.74,5,136.93
30998.86,695,61,47.64,4,156.59
160694.84,926,26,43.71,5,233.34
63475.15,650,61,19.94,8,108.94
72558.51,297,66,52.36,4,124.48
20241.65,1025,37,81.41,1,65.06
31179.43,168,20,29.12,3,111.53
96842.0,107,24,31.26,1,124.76
57399.46,16,35,54.28,3,131.97
17110.05,376,68,23.38,3,97.25
86773.75,177,42,33.78,2,143.82
36348.91,600,33,45.24,5,95.98
106534.52,56,33,38.63,4,250.08
46708.92,211,24,81.82,5,186.23
54862.68,645,53,84.9,0,136.15
93753.57,144,40,40.29,2,250.24
29922.89,607,69,44.78,2,121.79
28394.03,231,50,95.69,7,68.9
43999.16,390,52,50.31,3,112.48
77261.04,731,38,99.3,2,213.15
23576.78,1046,27,76.28,4,46.62
19586.21,442,30,26.42,1,102.74
77114.49,178,24,22.91,4,124.79
35184.54,255,53,15.91,3,101.62
39508.68,762,36,80.61,3,131.74
17654.65,145,54,30.69,1,54.23
33744.12,337,43,67.58,2,138.2
48817.2,274,38,54.01,6,42.52
81773.44,363,26,82.6,4,164.29
32074.72,147,45,75.08,4,110.38
121973.23,63,39,6.37,3,164.51
33640.78,679,53,33.84,3,60.76
33667.88,1057,32,52.01,0,116.56
114181.74,67,50,80.36,4,253.22
55066.84,583,63,71.4,1,171.09
36184.51,1191,45,54.94,7,136.59
45011.66,732,52,80.84,7,52.23
103175.89,265,49,43.49,4,200.64
109799.53,157,66,5.57,1,207.05
31280.92,437,46,87.05,7,78.61
47889.97,516,51,52.66,0,137.18
51512.83,443,41,80.84,2,192.92
28497.39,336,31,39.21,1,73.93
47542.21,136,26,58.86,1,112.12
49164.52,615,58,33.11,3,93.44
91776.84,646,28,40.96,5,203.32
95233.19,493,51,14.74,3,245.42
40902.02,450,47,74.16,1,150.58
43578.79,2162,53,28.03,2,194.72
70640.63,216,35,30.17,3,159.22
35530.49,1453,31,35.42,7,35.67
67761.68,193,46,43.21,4,176.84
46707.1,1222,38,57.62,2,162.34
28762.59,1384,25,68.28,3,115.79
28962.0,300,67,67.57,0,129.31
108649.49,2123,31,42.37,1,277.27
44979.77,644,29,48.19,7,85.06
120836.63,167,38,14.03,6,117.45
36956.62,277,58,52.15,3,80.27
57535.81,1252,18,87.71,3,203.66
182767.88,1015,57,46.04,3,245.02
27403.81,140,30,93.8,2,132.38
17260.95,350,45,15.58,4,34.18
99471.31,494,33,73.69,2,266.65
31109.08,242,67,70.8,3,100.92
48465.69,4263,43,68.15,3,158.15
35516.23,509,32,66.29,5,123.54
56811.24,379,38,2.23,2,169.49
29062.53,1327,43,74.21,5,136.15
44401.7,279,44,49.97,2,190.29
62780.41,1104,47,52.42,6,169.89
28153.59,76,41,5.09,2,68.92
33354.69,256,24,18.84,3,90.32
40495.23,1151,37,91.1,4,188.59
22340.39,1939,49,31.55,2,133.9
38854.98,186,33,39.39,7,68.13
52330.68,165,50,18.92,1,64.29
39349.88,711,42,63.22,2,118.57
42223.95,216,39,74.07,3,114.1
48487.15,308,57,92.13,1,141.87
34178.12,969,19,56.21,0,93.41
71688.41,234,33,27.56,2,133.18
107989.36,56,58,7.1,1,177.74
37971.49,109,65,26.61,4,86.61
64014.12,407,71,61.84,2,146.14
42967.98,62,42,97.41,2,133.98
59935.13,299,47,7.92,2,138.48
115980.66,100,52,38.84,3,186.21
64845.5,2079,58,66.72,1,217.52
18483.28,3516,46,57.46,2,124.19
62924.92,140,54,65.17,6,55.31
96574.99,521,47,46.32,8,233.61
43395.98,154,48,26.7,7,71.16
84761.71,296,30,48.28,4,166.13
33538.07,2449,37,38.15,3,140.01
21654.17,252,35,70.93,5,102.28
52978.58,303,26,17.16,6,13.11
18656.27,157,20,49.61,4,86.83
42964.35,1269,36,95.91,4,114.22
99485.11,15,38,53.18,1,188.97
17147.89,259,43,23.72,1,55.13
24252.54,385,49,93.59,1,144.42
27788.63,208,44,24.42,6,0.0
47342.99,956,38,75.12,4,138.39
40088.94,1342,30,10.95,5,85.76
105823.2,98,53,85.21,2,245.74
82858.66,3273,40,18.06,3,276.17
64369.82,97,36,39.42,4,168.58
53108.73,1463,39,96.56,4,139.54
60856.65,468,32,57.94,4,164.68
30513.05,243,35,26.4,4,91.99
78548.04,267,34,0.06,4,160.36
26592.26,390,38,0.68,1,84.57
77610.45,496,50,27.46,4,122.17
94124.94,160,47,52.69,4,216.97
55048.81,319,62,48.49,0,142.22
44492.81,186,57,92.19,3,90.95
61094.09,119,67,76.41,2,168.51
10159.5,178,49,92.47,3,119.95
57886.65,127,49,51.18,7,124.1
46057.93,265,35,44.67,4,146.26
47674.62,621,52,56.61,0,124.41
72300.97,455,33,37.21,5,117.45
47045.81,2905,22,21.08,1,120.01
26183.54,44,61,83.67,2,108.65
45352.86,645,25,68.05,1,157.73
50876.45,406,47,32.57,3,125.4
52219.62,912,30,44.63,0,157.37
53586.67,825,56,22.54,6,102.74
86825.27,342,58,56.28,6,118.94
26975.41,479,48,35.84,1,147.14
53994.38,191,58,87.56,4,143.7
99654.19,745,42,52.84,0,255.32
18881.99,61,71,41.17,2,69.99
54111.7,877,51,74.96,2,148.41
35526.77,394,30,90.51,3,84.74
39978.99,247,42,81.74,5,95.77
29802.75,319,40,49.49,3,69.17
44656.14,344,38,35.64,6,100.8
134954.18,1476,20,66.21,3,307.49
24454.35,10234,47,81.69,2,97.91
25763.51,1366,23,97.86,3,113.65
23955.09,229,18,45.73,4,71.47
126763.71,757,37,66.82,4,237.12
38014.13,791,32,29.31,5,154.31
48334.39,159,30,8.75,2,113.84
39279.95,114,18,25.31,4,98.6
29160.41,378,30,1.45,3,82.01
43073.67,904,39,50.94,0,87.98
189479.1,80,33,37.32,4,244.52
105412.76,196,47,67.83,0,253.64
30665.21,715,60,61.53,3,135.56
69994.07,420,48,16.79,6,95.63
31028.53,1662,55,67.38,1,142.87
18453.29,98,56,18.74,4,77.94
85882.13,4239,28,0.6,2,250.73
92786.0,86,47,97.02,2,303.11
87145.01,53,54,2.7,5,106.77
37857.11,380,36,34.17,1,122.15
44724.35,129,31,63.75,2,73.08
74040.76,388,48,37.04,5,93.92
60798.65,374,22,38.12,1,170.68
39478.02,331,27,72.27,2,110.6
20120.82,173,33,60.22,4,37.3
52189.23,621,47,51.84,2,97.11
88739.05,293,44,88.63,4,200.62
25370.1,1216,55,10.81,2,126.87
69655.55,336,30,46.98,1,114.92
58826.51,153,29,23.91,1,178.46
74056.35,74,48,3.68,0,117.87
79188.51,339,31,97.9,2,203.33
33457.93,113,34,73.4,1,142.91
20144.21,104,18,21.62,1,55.09
36554.67,683,45,40.24,2,101.8
79939.07,68,62,22.6,5,135.41
36384.49,1656,28,68.49,2,162.59
33465.7,473,55,35.04,4,116.18
18002.35,386,41,91.99,7,49.22
128534.95,143,19,20.76,5,210.98
77199.06,866,30,34.98,6,135.43
74865.08,402,29,93.18,3,186.37
83470.53,203,37,88.47,2,186.44
67318.45,492,47,29.32,2,206.19
42856.78,74,66,48.31,3,73.92
44798.49,78,23,88.37,0,181.27
38748.2,131,35,67.06,1,123.06
208794.84,572,30,63.73,2,280.06
66552.85,402,25,66.06,4,171.1
37983.6,1151,43,92.1,3,188.02
63324.22,160,42,51.72,4,160.47
28113.98,716,18,18.18,1,92.06
112137.23,360,42,47.27,3,237.41
34078.16,157,26,72.89,4,127.01
64575.93,593,42,49.21,3,189.06
88105.28,377,58,31.33,5,63.87
60574.1,215,48,66.63,5,155.88
51635.18,420,44,45.02,1,130.83
49312.91,354,35,96.28,1,172.45
47522.44,345,42,35.21,4,140.64
35696.78,267,49,71.75,5,130.25
38283.88,109,48,55.51,6,71.7
110610.99,434,40,7.76,7,187.94
46180.13,180,44,46.98,7,103.1
31818.78,145,24,2.92,4,100.74
36902.56,317,32,78.98,2,138.78
89787.75,840,51,73.45,3,276.98
71081.59,485,52,5.05,2,163.75
66714.73,237,43,49.97,3,171.44
42546.95,227,61,96.15,6,150.63
67194.68,761,48,28.46,2,243.83
34407.9,36,38,90.43,2,173.89
42498.0,895,26,15.11,2,89.99
83566.04,61,60,0.66,4,126.99
79288.84,97,52,53.05,1,183.9
28565.35,241,65,23.92,5,113.9
30621.59,3533,70,87.92,3,230.66
52040.95,2159,25,67.39,4,167.34
126674.08,817,25,68.69,0,279.18
17093.25,576,18,67.33,2,56.05
57129.91,62,53,67.9,5,169.93
22998.31,471,50,74.71,2,73.29
34583.02,232,43,66.99,7,131.53
40117.36,178,26,83.43,2,148.04
38898.87,470,40,55.81,2,137.96
36549.11,251,44,35.07,0,120.9
49215.5,962,52,46.68,4,170.31
36519.78,58,45,44.02,2,134.31
21930.82,434,50,33.25,1,73.68
75276.88,167,40,41.55,5,108.7
74167.38,267,57,38.5,3,116.68
77944.0,547,50,11.11,4,114.94
21006.69,131,26,83.06,3,110.07
57780.41,475,60,75.65,4,141.86
71096.14,326,57,33.75,3,177.97
27801.32,208,48,94.51,3,128.17
49268.75,251,45,94.94,3,105.57
45984.21,345,63,85.67,3,130.88
135020.63,187,20,2.94,2,113.99
141276.3,406,58,37.12,3,184.81
19625.87,305,35,45.73,1,74.28
193234.52,218,56,71.87,1,209.31
29632.47,1978,43,63.48,3,177.7
84067.08,611,25,67.84,3,181.64
83597.92,275,35,76.72,2,174.02
28349.66,466,55,94.84,1,140.18
64298.87,144,39,55.15,0,145.42
46205.61,260,33,90.4,2,142.38
66494.96,292,33,81.48,4,206.35
55651.8,115,50,33.79,2,123.79
94654.31,594,64,81.37,3,237.86
51096.42,243,18,11.73,2,90.18
44697.34,282,78,15.88,4,89.36
89575.34,228,44,99.24,1,253.27
67455.12,7778,49,42.87,2,245.79
73313.3,207,36,46.06,4,162.75
34012.29,50,41,95.1,3,114.74
27587.15,81,44,36.18,3,86.69
35873.45,862,28,23.7,7,50.89
34840.93,1535,31,7.78,1,146.32
75539.4,204,57,52.26,2,151.73
83850.54,1449,21,19.97,1,230.86
45011.73,846,47,6.48,1,96.63
107689.29,333,37,81.31,1,249.75
104053.26,310,29,32.86,3,172.94
56042.71,483,67,57.94,4,105.23
31193.33,970,29,10.46,2,107.6
116594.47,600,27,50.56,2,229.47
47402.98,205,39,63.18,6,65.57
52543.19,338,32,44.99,4,120.09
40668.83,2925,42,33.75,5,142.17
30049.92,518,44,31.1,5,93.15
21856.38,962,45,10.94,3,102.75
69430.23,692,40,11.57,5,140.37
31860.73,530,32,49.57,2,135.7
263746.1,449,50,13.88,1,179.07
26974.83,989,40,22.35,7,39.56
24549.33,827,35,16.48,5,99.94
64898.27,525,61,80.25,3,175.99
113677.69,201,40,44.97,2,242.85
50793.53,593,56,55.26,3,143.84
67153.3,377,57,58.3,2,175.52
17783.9,296,58,39.64,5,99.71
33771.37,5876,50,29.84,4,142.39
27160.29,86,41,38.24,5,93.46
17287.25,1052,41,53.48,6,47.23
52278.43,170,38,35.86,4,164.69
14277.57,459,18,13.66,5,73.98
23689.62,5263,51,91.37,3,92.31
36480.87,154,45,73.24,2,150.35
31032.58,195,52,6.63,2,68.78
60963.14,396,40,90.57,2,195.36
57992.51,172,50,17.05,3,162.71
80144.72,976,24,9.77,4,167.39
74147.46,236,26,17.32,3,104.54
91807.29,775,18,93.3,2,251.49
48969.11,106,40,22.13,6,33.56
57925.14,66,31,78.7,5,154.21
64947.37,320,30,64.3,3,155.72
52992.79,84,46,51.82,2,145.73
39400.87,1841,36,36.56,3,112.41
40829.36,87,23,9.29,3,63.78
31267.76,142,75,71.07,0,189.41
61814.25,610,41,39.48,5,217.73
46550.44,224,27,53.5,4,152.22
34038.74,88,33,5.18,3,91.75
34056.13,3102,39,77.59,6,135.79
25191.97,148,39,69.23,2,93.79
83982.42,331,58,52.93,4,86.09
51186.94,327,40,49.63,2,110.15
30499.33,820,66,33.7,2,102.76
76473.63,640,36,34.24,2,165.9
36017.25,176,47,6.85,3,108.72
22616.27,291,55,68.67,0,151.79
85963.0,321,57,4.5,2,132.44
36482.82,853,59,0.14,0,92.02
39148.03,125,38,3.1,7,33.46
50143.74,3035,41,20.34,1,209.19
91897.04,188,18,57.02,3,204.05
49564.02,399,39,68.12,1,110.32
25348.77,126,56,42.07,1,99.61
66113.77,110,53,40.86,1,128.5
37543.5,168,40,57.68,2,107.15
138462.97,152,64,59.68,2,231.4
48990.62,266,37,84.5,5,123.06
14338.89,151,32,81.91,4,97.24
59667.98,808,35,82.35,3,205.8
142846.91,184,27,84.42,3,235.32
116629.34,165,50,87.98,3,219.37
134191.73,272,45,55.53,2,235.08
27976.83,1088,49,59.52,1,71.34
80957.84,500,36,72.72,2,217.1
32955.16,365,41,19.9,3,92.79
55456.78,96,18,36.05,2,156.03
24340.0,128,46,91.27,3,139.89
34390.97,112,43,52.28,2,118.56
33794.87,1490,27,5.18,1,119.1
80354.66,685,40,40.56,3,186.39
76145.06,170,38,16.08,7,48.2
57082.38,229,64,35.63,3,110.86
23324.7,176,28,54.5,2,104.92
41299.2,166,46,50.51,3,120.21
32520.83,639,27,49.05,5,96.96
79088.41,302,34,1.83,5,111.79
93713.89,3233,45,44.51,2,266.4
87641.69,1408,39,2.9,4,284.61
32358.41,1494,41,40.49,4,183.19
10864.51,789,46,64.7,2,73.6
18549.0,264,35,12.59,1,56.06
107140.34,733,53,91.68,3,279.36
39312.97,284,38,63.05,2,107.59
32438.51,2059,40,21.76,1,140.49
120990.0,604,46,39.41,0,217.54
98305.77,524,44,9.69,6,145.75
49684.43,458,50,2.21,5,147.91
41715.51,2299,46,91.59,4,142.71
45585.47,96,48,67.52,4,132.78
55544.49,2535,37,77.96,4,237.36
118187.31,334,28,62.22,2,267.74
61843.18,98,23,90.68,4,177.96
73080.44,190,20,89.59,4,235.92
93255.52,77,64,5.82,3,170.39
25762.58,775,18,18.95,4,62.44
74248.59,142,57,39.58,5,177.84
41688.77,477,31,34.11,1,177.48
12285.16,1254,57,52.56,2,113.88
15206.93,206,18,26.65,3,90.54
28002.11,308,38,79.75,5,130.83
65655.25,109,60,0.75,2,105.6
52187.06,273,51,79.15,4,143.0
54252.36,5292,37,39.34,5,185.66
143346.34,878,18,0.51,2,204.97
24391.76,309,24,84.71,2,109.87
48286.71,218,60,44.68,4,116.89
57956.01,386,37,72.47,0,184.76
32697.37,459,41,87.84,4,133.73
49790.51,265,45,3.43,5,71.22
20333.56,685,25,26.22,3,147.93
106451.89,155,47,11.89,2,201.3
33695.24,154,36,9.8,4,130.23
149832.02,584,45,94.56,3,241.95
48153.02,125,34,80.56,1,189.06
86286.59,836,21,36.47,2,166.34
47604.54,397,36,68.73,1,129.29
48198.87,64,50,91.94,5,138.69
35553.14,450,47,22.08,2,109.2
52340.1,74,42,1.42,4,97.26
58389.96,807,53,82.41,2,200.87
31845.71,314,39,72.27,5,97.23
45762.74,2568,42,16.03,1,147.2
35047.01,1177,35,48.96,1,147.54
173653.16,139,54,16.04,2,220.86
46660.26,53,45,60.26,4,90.67
114677.34,189,34,64.76,3,213.45
44020.37,118,22,27.67,3,75.63
56534.6,2504,56,78.08,4,253.55
23700.46,399,32,47.36,4,71.61
38334.67,1025,42,70.64,2,161.66
55038.82,303,72,63.98,1,158.74
117277.96,337,52,45.08,8,171.04
55386.46,390,62,29.27,2,190.13
104929.73,1219,35,20.43,1,250.4
69731.05,550,55,74.59,3,162.27
119978.85,140,42,64.19,8,183.5
47454.51,2043,46,28.09,4,158.73
182521.36,301,68,96.71,4,202.16
37535.11,255,38,81.03,3,165.5
32158.95,23,42,12.68,3,100.49
25196.77,760,30,16.26,3,85.9
176674.36,446,53,54.4,3,215.86
76933.46,445,34,10.24,5,66.92
40791.69,269,55,96.43,2,172.27
97437.12,226,20,63.8,1,234.0
71555.65,278,49,6.62,4,121.43
144548.46,641,33,44.35,5,173.99
20924.83,764,51,22.2,2,74.44
42363.9,320,41,49.05,4,150.79
38010.33,1042,35,24.7,1,113.29
16555.51,372,36,83.18,4,95.08
87831.89,243,30,72.11,5,163.01
42246.72,491,52,90.66,4,140.2
73629.21,103,28,19.8,3,100.26
179489.96,509,38,38.54,3,214.39
40364.9,86,46,80.55,3,177.56
38885.08,144,62,37.38,2,85.26
52326.87,53,41,37.91,4,107.44
84371.59,338,38,98.6,1,230.78
35893.37,2017,45,77.09,1,185.97
34647.16,358,18,86.08,1,148.2
87680.44,767,26,40.7,3,203.47
60370.24,4239,37,58.59,3,243.13
15921.08,604,32,45.06,4,80.08
24985.09,187,21,45.03,4,101.98
111935.68,215,53,12.77,6,133.22
61148.5,403,45,84.21,5,142.29
32234.49,214,43,39.05,2,80.49
44635.05,230,32,58.18,4,108.24
49378.98,1080,43,85.71,3,150.63
73471.54,1125,48,77.35,2,218.46
23224.32,77,38,19.82,0,39.73
30868.08,178,47,61.85,3,144.17
56961.2,253,31,49.57,1,136.8
46401.68,734,43,26.02,1,142.66
67139.15,1265,56,4.09,5,240.28
24928.6,6014,58,62.98,2,194.27
59660.22,253,59,77.99,7,114.96
89354.87,266,45,94.17,4,190.45
64071.2,726,42,35.5,0,149.2
52918.67,203,36,39.92,4,82.12
46502.62,350,18,16.3,1,74.92
30971.78,266,24,98.46,1,129.67
47117.55,29,39,84.96,2,117.42
98011.32,456,40,95.76,3,235.87
45914.41,336,60,49.53,1,92.53
30049.7,1438,59,20.98,2,166.09
37393.95,405,33,57.32,3,149.46
54746.44,115,52,37.21,5,88.11
39917.39,311,35,34.79,1,154.51
64017.82,49,50,8.24,5,143.88
65353.36,120,52,7.31,1,135.35
79932.74,761,58,37.88,2,148.66
107254.28,315,35,92.62,5,196.86
84772.15,1014,55,72.3,3,247.88
29324.2,56,18,76.06,8,68.97
29823.62,316,58,23.43,3,112.47
47019.88,250,41,73.45,3,193.52
38248.27,1049,41,40.63,5,161.69
26210.63,790,18,5.94,4,73.34
38448.29,766,36,39.48,5,137.07
37760.46,1884,59,13.13,1,131.41
33876.73,279,36,85.37,4,153.41
41205.04,1533,51,84.03,4,181.58
93727.6,141,42,28.75,2,228.32
54697.92,136,55,61.19,5,124.32
190898.09,856,44,36.38,4,197.6
53840.41,89,29,15.42,3,52.52
41792.15,715,42,64.94,2,144.84
49132.36,446,62,76.01,7,58.03
56447.74,1178,48,77.47,1,258.52
62279.63,380,40,14.92,5,125.03
153612.92,426,71,51.26,3,244.41
30793.96,671,57,2.39,3,91.01
78627.39,207,52,9.02,1,179.93
54954.61,199,46,8.11,5,49.71
20658.79,648,51,5.72,3,102.35
74898.14,391,51,33.38,2,140.03
98439.06,268,18,35.77,0,196.57
30593.81,371,47,69.79,3,161.01
48780.52,1987,39,32.99,3,179.8
18978.37,259,35,14.04,6,0.0
24530.11,251,39,94.69,3,103.73
87239.83,73,21,87.55,4,131.85
37928.99,386,18,12.42,3,53.96
26639.71,778,58,36.28,4,61.87
55614.72,930,48,16.81,3,173.86
36778.66,449,18,95.91,4,72.99
37837.2,1049,34,35.6,2,118.57
73616.86,838,53,9.81,2,195.96
25875.37,1227,38,72.68,2,126.31
29793.61,1079,58,71.17,3,69.58
53356.12,1939,55,24.1,5,167.4
83547.9,340,24,32.15,2,134.61
96856.73,107,40,41.5,3,236.8
34003.41,783,36,26.77,5,100.54
82088.84,880,23,28.89,1,143.73
31847.74,1939,23,80.16,3,141.43
133841.98,1452,31,75.19,4,273.17
26276.39,2822,33,69.26,7,24.57
101789.61,749,45,68.68,2,251.12
34164.17,507,55,52.19,2,102.55
148343.46,100,48,35.09,2,209.16
67861.65,548,51,72.05,4,180.66
28034.49,232,38,11.64,4,45.9
36782.18,498,49,14.11,3,136.53
75331.2,426,40,12.63,3,153.2
87461.54,646,36,73.27,2,163.56
47150.81,366,66,59.15,2,111.19
50239.76,1027,18,45.02,3,138.6
74391.29,26,18,47.62,1,110.07
52706.24,487,46,82.76,1,84.68
24066.41,1342,38,12.17,4,145.9
31346.7,2617,23,38.32,4,148.57
55788.11,838,28,76.02,4,182.98
95656.16,2175,29,65.78,2,315.24
119227.69,477,53,43.51,5,297.63
75262.79,404,57,22.43,1,121.26
57412.07,684,63,94.64,7,113.01
74002.02,402,21,40.79,4,169.4
33971.83,184,24,87.78,0,99.78
45058.77,240,23,77.78,1,93.1
31154.94,132,58,86.15,3,173.26
24666.26,684,47,1.69,2,85.64
58891.49,408,43,47.74,3,148.14
54286.58,281,44,25.94,3,62.69
71554.08,228,41,27.4,4,156.92
66195.09,668,27,26.98,1,120.2
56019.46,880,48,38.93,2,174.08
66578.65,130,39,41.07,6,85.09
47883.41,111,26,63.4,2,117.87
61518.32,1047,49,30.04,2,170.28
32880.02,101,36,27.28,7,28.47
60074.35,697,44,36.06,4,190.84
70801.09,2032,40,68.65,5,236.87
33917.12,2037,53,0.02,3,149.33
50438.38,843,44,74.69,2,180.39
34787.68,819,30,33.9,4,88.81
36695.94,3834,46,57.62,2,170.8
26404.48,39,46,76.15,1,123.73
98339.02,253,48,51.08,3,192.37
88091.11,942,55,64.72,7,166.92
65879.9,287,33,91.99,0,202.39
145031.72,1393,50,2.99,2,289.17
44175.03,387,19,34.95,4,154.0
259748.55,460,40,92.69,8,173.7
43254.6,306,38,83.74,4,120.54
56407.44,239,60,61.68,3,171.7
39388.22,233,39,22.93,3,106.02
60160.97,529,49,33.05,5,131.01
77620.61,185,19,85.8,3,116.99
46043.69,1046,37,69.83,5,124.55
130248.04,775,30,28.57,1,278.57
55911.88,1211,74,13.22,4,231.63
56883.86,130,33,78.08,2,190.97
29734.14,73,42,57.62,2,141.07
61708.35,401,43,96.34,4,178.24
45537.21,7323,21,40.65,7,84.18
35082.87,1431,35,34.9,3,158.95
31982.34,231,47,29.08,4,88.73
213089.99,616,43,48.19,4,185.64
42407.8,835,18,32.27,2,81.21
21996.93,102,34,7.32,2,45.68
33388.88,1587,55,31.21,4,175.43
47649.99,341,49,21.89,2,66.41
66215.3,368,57,81.54,7,89.36
66512.03,413,29,23.56,5,177.18
71121.01,1267,58,45.89,3,218.17
34383.32,189,41,67.27,4,130.11
59115.13,73,62,14.92,1,126.23
30277.72,557,42,53.13,1,185.36
34863.52,52,18,84.72,4,145.77
29592.02,298,53,58.41,3,101.84
25498.79,1321,36,48.24,3,126.24
88019.64,719,37,83.89,4,181.45
71591.84,1144,23,94.73,4,277.86
83881.97,750,63,82.1,6,142.74
50092.28,4493,35,40.84,2,195.35
75150.21,224,62,61.17,1,169.91
18606.96,600,36,52.66,2,118.17
78802.35,260,29,30.33,2,194.57
54036.55,1050,59,43.53,4,139.16
69210.67,379,41,82.93,2,186.73
60416.22,2250,41,30.05,4,233.04
28484.62,237,25,88.96,3,68.78
21505.8,1647,36,99.14,3,155.51
33135.82,730,47,30.68,4,167.28
66883.29,390,25,12.27,4,173.79
71650.13,693,34,95.72,4,152.63
23101.01,523,36,17.11,1,51.05
28578.08,575,42,77.15,5,111.8
32932.67,328,61,3.91,2,58.11
40274.84,200,38,23.56,4,76.83
23175.99,288,33,26.02,2,77.48
22423.65,74,77,29.72,2,72.81
31194.3,936,36,91.93,1,125.85
51402.37,117,39,17.53,1,99.08
25608.33,324,37,17.36,4,61.42
45995.92,771,38,69.17,3,104.0
87746.22,933,43,95.23,2,200.54
23957.13,68,53,38.93,2,37.36
43759.1,368,47,77.31,1,155.59
86130.27,638,56,3.1,5,233.01
38946.82,424,55,82.41,5,129.04
35756.3,1547,44,72.34,1,197.68
92959.83,177,46,89.66,2,242.41
41422.89,51,56,63.75,1,97.4
89991.66,907,27,94.13,2,266.05
62064.59,235,74,38.99,6,66.59
40596.43,69,35,73.25,4,164.29
63820.5,344,37,72.56,2,187.24
58468.72,1380,26,26.86,1,256.74
85946.95,114,26,92.06,3,184.04
36257.81,4171,54,77.92,2,129.08
50144.46,174,71,86.64,5,112.64
47389.99,440,34,36.26,5,185.78
72206.22,119,46,84.13,5,195.32
27893.57,420,44,31.5,1,154.17
85762.52,352,55,96.44,1,188.22
63353.21,90,70,2.39,0,141.03
23758.39,6807,61,61.92,4,80.94
95277.08,245,38,11.22,1,195.96
167502.1,246,48,71.87,3,297.83
85051.2,1063,50,36.37,5,175.38
107456.52,2475,41,87.06,6,227.33
51377.43,1244,27,87.27,5,210.66
19656.68,121,31,36.81,2,81.08
17778.3,499,56,81.0,1,150.72
56403.99,61,58,68.11,0,171.71
35398.04,993,39,42.66,4,126.43
29643.05,78,45,34.32,3,88.4
47357.92,180,57,21.03,6,25.0
68773.37,402,19,6.32,3,108.19
22048.14,629,36,51.74,6,5.82
38296.63,310,68,54.0,3,22.46
112468.55,1842,45,44.4,7,232.28
27135.32,831,27,95.06,0,59.74
79092.13,768,43,1.37,2,182.01
37548.85,117,55,85.03,3,176.08
66183.51,2206,18,80.08,2,194.3
89637.6,180,44,75.88,7,150.41
73696.09,2292,37,52.49,2,189.03
80824.69,3047,20,19.04,2,195.05
26020.07,673,43,86.29,2,148.59
90446.41,1132,40,74.46,5,276.06
30669.34,18,41,83.28,1,187.45
56542.51,331,37,23.58,2,212.86
56502.23,1214,28,55.44,3,214.86
64011.46,1016,23,41.6,1,174.0
59001.97,119,33,63.97,6,64.69
30819.55,300,53,75.26,2,151.25
23331.81,31,45,17.37,5,75.28
79204.77,609,41,17.4,4,182.79
54296.17,61,28,4.36,4,123.78
92240.75,1249,37,15.72,0,257.03
47829.45,1316,51,24.02,3,205.59
22632.89,251,48,7.25,4,50.96
83397.31,679,35,35.57,7,121.02
39986.46,324,18,67.52,4,116.15
59165.97,513,33,79.31,4,145.7
34334.2,128,35,34.58,1,81.64
121099.27,751,30,8.38,2,253.52
30269.3,78,36,75.94,2,116.14
40717.52,64,52,39.12,8,51.99
52005.09,357,41,25.14,5,93.16
26884.35,326,54,47.07,3,76.28
58793.45,529,22,96.99,1,114.44
118960.97,210,38,37.26,2,123.18
37430.67,2658,18,95.95,4,168.66
60920.72,473,36,25.32,7,141.29
10805.5,509,28,10.55,6,0.0
47982.37,491,58,15.72,3,130.34
41267.34,1099,47,77.38,2,169.59
31251.61,717,55,53.76,6,42.49
88858.26,627,36,58.19,3,192.34
40968.8,842,28,96.77,3,159.66
44461.88,65,28,50.48,5,145.27
39836.7,67,45,11.7,2,149.05
17081.5,373,65,71.85,4,112.78
26302.19,331,47,20.79,7,0.0
83166.63,720,37,58.15,4,166.61
15360.08,411,39,85.44,4,106.71
32161.54,721,41,47.71,2,171.29
39346.17,116,68,31.43,5,89.25
127898.47,399,58,57.55,1,205.2
74811.89,105,45,12.7,2,94.58
36082.25,593,43,30.76,2,150.96
100456.75,61,45,50.41,4,225.14
32621.16,571,48,25.42,4,98.33
85391.76,92,36,3.93,1,155.8
23216.48,274,31,58.51,3,82.03
88458.77,987,55,40.12,2,163.43
39207.62,506,42,39.06,4,161.9
27842.6,77,54,99.68,4,63.98
43502.38,205,63,11.18,3,94.25
57098.85,89,48,15.42,4,136.47
37342.54,74,46,87.63,4,104.43
66481.2,453,83,13.03,2,136.97
35573.4,706,44,91.76,4,113.32
68954.68,626,27,67.2,4,208.12
62518.77,737,38,52.82,1,233.31
47405.44,398,62,27.84,2,125.14
38454.84,306,25,35.95,1,38.9
53281.66,137,32,82.6,4,127.04
66346.05,259,56,5.75,2,115.28
152358.19,107,38,76.85,5,268.96
82181.15,173,40,82.78,2,194.3
83850.81,440,55,70.6,4,175.96
267983.77,358,32,5.45,2,215.08
65106.34,8644,22,74.27,1,272.07
63994.6,105,23,72.32,2,211.37
72200.94,355,49,1.31,0,150.81
28143.42,97,45,89.23,6,63.85
38401.59,273,32,13.22,2,109.21
37108.71,285,26,96.08,5,144.81
69995.6,939,38,7.08,1,220.35
44542.72,257,56,23.8,2,89.74
52892.82,333,31,69.02,6,112.71
89152.18,262,33,13.72,4,136.31
78805.09,99,26,18.5,2,146.73
44848.86,210,37,1.12,2,57.69
33911.27,275,46,82.65,6,94.17
91528.08,434,69,3.76,4,212.67
75029.76,705,44,63.26,3,164.86
20263.14,319,41,58.23,2,31.65
41264.81,313,53,51.12,2,91.63
53692.76,72,51,37.52,9,60.93
75233.84,692,34,29.96,5,201.09
80866.57,201,71,95.69,1,177.07
57305.29,851,41,78.54,2,194.69
67635.36,1504,45,92.27,2,270.3
50780.88,334,49,73.39,1,144.78
33839.42,144,46,82.9,2,170.81
42459.44,396,61,96.42,1,123.28
49535.51,571,34,45.36,4,111.41
48094.66,294,52,90.69,5,172.77
17377.56,229,44,4.31,2,78.82
39394.61,708,54,10.79,4,109.61
50559.85,663,39,49.04,1,98.48
41992.51,285,37,45.4,2,75.44
42798.01,77,51,43.82,5,74.23
64112.54,636,46,53.72,5,147.8
27080.62,187,31,53.84,4,95.65
20021.8,499,59,87.06,1,50.02
40477.71,469,51,34.59,5,76.98
74627.39,61,41,31.62,5,159.81
124014.55,437,35,70.19,1,270.45
75370.45,674,46,64.85,0,205.19
21860.9,762,50,82.98,5,42.76
43139.66,453,21,30.93,3,121.71
56452.16,55,46,0.64,3,157.69
54050.56,1446,50,94.41,2,186.67
65947.71,608,18,4.42,2,137.81
29602.77,121,44,68.0,3,112.41
50803.41,183,51,32.18,3,125.78
61770.28,508,49,42.35,3,177.01
77197.24,796,52,83.8,2,228.62
31472.05,247,37,41.96,1,127.31
40544.84,921,28,14.44,2,99.42
11080.04,67,18,75.44,2,79.09
34828.66,142,56,2.02,3,67.07
36738.18,51,51,27.47,4,94.42
27979.53,164,57,53.81,3,105.3
53695.62,1822,32,43.78,5,163.2
47535.4,3158,52,62.02,2,190.04
14149.47,510,22,38.13,0,54.82
55189.58,213,30,39.06,4,156.41
29419.76,323,43,34.87,1,106.21
64031.4,647,50,88.73,2,187.25
24221.16,84,63,1.73,3,0.0
49836.53,227,38,93.96,1,161.78
41951.11,1694,30,35.82,3,129.59
57913.51,141,30,36.49,1,116.4
52500.79,190,33,72.59,5,140.95
42602.14,408,70,38.83,4,74.23
21058.3,535,51,61.66,1,103.7
21753.62,215,56,90.36,4,154.99
35555.93,435,38,84.62,6,93.93
48798.07,740,41,51.54,4,119.81
35082.71,2868,51,71.67,6,109.35
69138.47,355,35,39.24,3,181.06
42042.17,387,38,77.6,3,122.36
28832.05,1858,33,17.02,1,104.42
42068.19,232,36,4.56,5,62.59
55504.7,107,42,54.07,3,143.09
58611.52,518,31,21.53,1,186.84
137737.99,1183,45,72.87,3,277.82
33931.53,578,45,10.13,2,139.07
47079.21,366,39,0.85,7,85.04
61967.68,94,31,67.57,3,146.13
48393.33,380,43,50.08,1,108.65
37222.18,1384,35,95.2,3,178.44
20908.45,117,42,24.75,5,73.53
37013.61,315,56,12.33,2,92.6
27159.0,273,25,2.31,2,61.55
18965.3,200,70,44.42,4,97.82
31646.3,516,41,10.08,1,123.52
27559.42,628,47,77.56,1,84.11
67581.03,621,32,7.2,2,162.14
68227.33,151,56,92.08,2,170.9
29817.97,77,40,54.09,4,95.23
42483.64,524,36,69.64,2,130.47
17640.74,243,34,13.09,4,37.29
37350.93,2535,38,8.95,3,139.28
61049.49,2655,47,35.37,1,224.63
77166.12,2953,44,52.04,4,252.31
33117.73,157,41,57.55,7,53.38
87423.57,712,32,32.98,7,86.06
21298.02,963,32,27.27,1,77.9
24681.39,861,36,98.14,3,113.99
72425.52,283,47,27.27,1,172.85
122898.82,1449,50,13.79,6,242.78
64304.67,403,52,35.95,7,132.18
47945.09,458,41,30.39,4,155.7
14656.64,86,46,42.17,3,89.4
16117.39,768,39,62.37,5,68.51
52637.04,310,19,60.31,2,115.15
40258.06,642,39,69.83,3,91.95
26683.23,510,37,15.67,1,100.3
50819.88,483,28,4.59,2,101.7
52225.3,385,34,79.08,4,130.98
82407.25,885,43,21.72,1,199.28
52845.68,330,27,31.57,3,93.77
96337.88,94,32,45.57,3,219.48
49236.81,712,62,71.63,3,120.52
46007.78,179,21,16.36,4,68.4
88024.61,107,39,90.24,2,163.53
28619.9,145,26,32.15,3,78.95
230486.16,535,32,98.27,3,192.24
60258.06,366,39,28.54,2,215.64
60443.0,47,29,72.57,8,152.44
65434.36,274,49,37.67,2,113.45
137643.88,1298,59,83.66,2,307.22
75801.93,256,52,46.24,4,192.02
20276.53,341,55,87.05,2,99.02
106075.75,1144,24,75.39,3,290.61
40639.95,893,38,58.6,3,124.56
51996.69,1120,48,25.0,3,208.12
24255.78,25,53,25.99,1,62.59
65474.18,2283,64,99.14,3,259.74
34260.36,762,55,92.54,6,81.37
51797.3,4729,53,13.84,0,181.6
41929.53,184,76,20.41,3,98.92
141316.46,69,43,10.68,1,221.1
145836.76,406,38,20.13,2,153.38
50291.04,306,44,29.02,3,29.48
50776.44,775,30,83.76,2,173.51
39918.95,1181,42,9.52,4,131.67
90066.49,369,19,88.21,1,177.84
40908.54,317,35,97.19,5,142.56
38881.14,680,40,28.17,2,207.11
83970.94,312,54,45.62,4,121.67
36458.7,287,56,52.93,3,149.32
48013.37,1138,29,20.57,2,127.37
20543.07,1421,68,73.16,7,20.09
72207.9,1192,43,58.0,2,218.47
142554.09,340,45,11.22,4,152.06
72887.61,47,20,89.6,3,133.69
109533.92,347,33,30.22,1,185.76
30780.72,189,55,15.62,2,69.91
55825.07,354,44,98.19,3,195.12
29180.68,206,43,10.29,2,68.82
43248.98,395,44,5.97,3,99.28
74960.48,142,23,23.76,4,151.16
51844.36,112,40,31.93,3,93.63
22540.01,1370,60,43.38,4,110.58
23783.18,152,56,68.52,1,42.7
22933.63,403,40,36.57,3,92.66
64234.71,1047,62,55.93,4,258.22
152533.88,1006,25,0.58,4,261.35
103709.81,893,29,38.49,1,248.04
17278.33,546,66,94.5,3,56.22
107107.87,832,49,77.48,4,305.92
82044.76,1592,38,74.08,5,227.88
20954.0,617,41,30.45,1,73.81
41491.3,64,31,48.82,3,101.62
89548.65,237,45,84.45,0,252.16
66352.61,809,44,88.02,7,152.87
23860.93,215,42,71.05,7,65.13
68590.42,2038,26,45.65,5,214.64
15129.09,378,45,7.32,4,83.27
43366.73,439,35,11.94,2,109.39
91663.2,1242,29,0.03,3,313.93
49519.25,336,58,35.92,6,66.15
37256.6,481,70,2.34,0,70.31
79948.7,991,67,43.5,5,197.96
83793.73,92,50,59.75,0,172.99
100762.53,303,38,59.59,2,238.16
79291.67,924,41,55.53,3,194.14
88854.56,430,47,22.62,7,96.14
73357.48,1749,36,51.92,6,209.8
56729.0,83,59,97.98,3,246.24
51494.48,74,18,44.46,6,4.85
43023.73,871,38,87.45,2,136.19
25164.7,958,52,38.14,2,76.37
28986.3,332,31,62.3,1,71.68
41977.63,602,38,48.18,5,63.12
55982.74,849,49,68.86,7,163.03
108276.88,178,61,89.74,4,226.88
47906.74,198,25,44.09,2,97.66
85128.06,487,24,75.74,2,196.01
88753.99,996,29,88.25,7,137.53
43161.5,125,22,78.95,4,117.55
67987.53,330,22,2.46,4,80.09
42875.66,316,29,0.02,3,58.69
101435.13,612,58,88.3,2,267.08
69543.92,399,37,72.93,1,189.96
25469.42,233,42,95.81,3,158.4
53575.04,1406,29,29.25,3,159.95
121353.33,235,50,78.8,2,251.65
44370.18,301,66,80.15,6,118.42
62707.93,82,30,85.73,2,202.61
66186.6,197,64,69.2,4,212.66
27718.56,675,46,13.83,3,98.81
64918.59,555,42,68.09,1,173.44
22774.36,734,47,60.45,4,27.04
34749.02,699,47,33.37,1,140.08
88578.78,3254,66,20.86,5,231.34
59648.0,190,48,88.51,2,225.86
41462.19,79,49,14.19,3,77.79
62664.7,141,36,42.22,4,155.59
47427.11,199,52,62.28,3,88.35
49361.11,152,29,97.18,4,105.46
70350.85,443,43,67.1,5,181.83
32857.91,1411,79,30.49,3,161.64
50120.48,1881,18,6.07,4,203.13
41284.92,668,45,31.77,3,137.54
20494.63,3433,45,29.28,3,177.18
29547.35,282,39,81.91,1,103.95
116135.58,78,39,37.66,7,183.61
60572.59,1156,43,9.84,1,192.98
23671.48,64,38,87.0,5,24.16
21011.08,189,44,1.81,6,0.0
46088.09,678,35,0.3,1,117.67
115688.05,364,68,47.48,2,213.58
44235.5,333,38,6.92,0,93.41
100594.19,123,49,17.71,0,212.12
59489.91,399,33,98.53,5,217.41
63524.93,1100,54,84.44,4,255.3
23514.06,411,51,76.4,5,71.62
82095.43,175,47,67.08,5,104.0
40773.49,115,28,4.78,4,55.01
78802.57,179,32,83.59,3,222.39
31326.09,597,63,47.12,2,106.87
54034.45,568,32,9.83,3,136.75
59492.27,181,50,30.08,3,168.86
45038.89,44,29,50.2,2,119.18
61236.57,614,55,1.37,0,160.28
42339.75,164,33,25.24,2,87.47
34304.0,803,29,33.59,6,135.0
118541.2,189,32,46.38,2,188.47
87284.14,150,34,0.2,5,156.0
32258.1,470,47,56.54,2,153.64
67013.16,4262,42,19.76,2,246.96
32582.37,853,27,59.73,7,65.5
25550.79,462,41,23.92,2,48.75
86560.18,577,27,40.27,5,123.29
19201.53,70,50,62.36,4,75.33
81615.2,131,52,65.66,6,139.09
42659.39,32,41,3.06,3,117.18
43636.51,2275,45,53.51,0,171.82
61412.16,1858,64,81.66,7,183.5
67484.91,597,39,20.64,4,190.38
31117.05,461,29,53.2,2,65.06
72747.45,85,49,44.76,0,104.14
52174.74,323,27,84.99,1,101.56
24567.26,2422,39,43.88,6,100.6
44648.19,460,34,94.38,2,76.87
104788.93,229,32,65.24,1,229.67
123269.36,69,38,56.14,2,199.58
72732.36,1604,53,29.19,3,232.62
25471.39,376,56,59.65,5,84.46
64204.83,69,54,13.12,3,144.67
78274.21,160,46,41.62,5,145.43
73067.53,112,38,28.44,5,165.99
75487.69,353,18,67.03,3,200.17
59861.85,496,46,76.4,5,204.35
47106.83,243,18,92.86,3,127.13
35080.4,877,18,22.21,3,81.39
17259.8,436,39,88.48,5,100.35
59089.17,1167,45,84.6,0,298.0
54302.69,282,36,86.24,4,145.85
66613.78,8478,61,74.05,3,253.69
23490.49,229,48,26.77,5,92.96
69895.68,163,38,87.79,1,215.35
151751.53,144,60,59.95,6,210.98
51182.22,326,62,74.06,2,99.75
47386.09,72,48,20.53,2,79.18
58101.76,541,31,15.74,5,156.29
149909.25,60,34,27.69,0,240.81
27917.07,474,23,51.14,3,115.46
54817.45,104,41,41.66,5,114.97
31577.13,275,28,88.76,3,173.36
36284.55,738,37,1.3,1,110.29
47701.84,4040,45,8.0,4,127.06
102850.09,137,18,32.54,4,151.34
131998.37,347,25,16.77,5,180.4
62722.67,195,35,40.68,1,149.77
39849.81,169,41,71.76,1,171.43
193108.29,197,35,99.34,3,268.3
38748.41,919,38,20.21,1,126.82
35806.16,247,32,26.6,2,108.03
18467.75,3824,23,76.87,5,100.19
105646.13,611,35,27.2,1,170.26
83494.42,146,39,70.37,4,144.25
185311.42,279,37,58.35,3,246.77
22828.43,180,43,85.49,0,115.87
109315.55,897,47,3.33,3,214.17
50948.7,78,50,97.97,4,195.23
76370.76,105,33,96.43,5,238.95
19805.65,223,21,2.24,2,77.89
109913.06,798,58,49.95,2,267.14
75552.59,1384,47,40.14,4,237.93
47982.88,1604,29,25.42,4,145.72
69899.37,685,45,97.78,1,182.74
32176.05,371,55,17.46,4,136.72
35643.0,893,64,26.36,2,136.74
37991.03,128,45,0.82,2,105.29
17694.33,63,55,58.02,1,4.86
78744.77,624,26,86.08,4,195.12
94407.57,147,41,62.19,2,235.72
33331.58,377,37,65.16,2,92.17
59368.06,454,46,6.63,1,170.01
42359.7,517,62,71.48,6,85.97
58720.88,1030,45,40.9,2,159.15
34711.72,927,29,47.37,5,100.21
30155.31,490,25,58.5,2,89.81
87434.15,259,63,97.54,3,163.42
47328.65,449,48,74.82,2,148.97
149068.31,222,47,68.39,2,217.35
50285.42,331,37,43.19,3,121.74
29456.12,5531,45,3.45,1,139.67
96260.9,484,29,53.87,2,206.53
69351.29,632,47,66.09,4,190.58
73114.36,199,26,70.42,3,208.71
94356.02,1118,37,60.79,2,313.21
34233.57,862,33,30.04,1,141.2
45707.18,869,18,22.1,1,132.51
44609.52,500,37,9.01,0,135.81
24102.95,1134,30,70.28,4,142.68
42405.16,1438,39,97.08,3,131.3
102232.89,535,42,52.5,2,222.56
55856.21,359,64,67.32,2,181.08
23380.7,986,45,69.26,4,92.29
20832.89,163,46,16.14,1,139.84
122470.67,196,48,19.18,1,196.34
46645.16,382,53,20.82,2,73.61
34335.13,70,47,93.28,2,158.74
42163.26,922,45,1.56,1,146.93
21752.43,154,51,54.12,4,66.54
107226.89,251,18,37.72,2,194.15
39490.72,325,69,65.94,2,121.71
103992.17,419,62,22.05,1,212.91
50433.38,286,44,96.12,4,139.51
107607.17,377,23,33.12,4,237.58
56454.03,380,57,92.59,2,232.98
78376.39,258,32,58.92,2,145.51
72802.18,186,48,41.45,2,124.2
69065.46,1189,25,73.39,6,167.76
59359.29,49,70,55.31,2,194.49
43128.19,328,23,13.86,4,79.38
140573.97,252,42,70.45,2,246.34
29767.86,613,18,57.95,6,3.92
49137.08,94,41,56.56,3,179.64
49423.79,244,36,73.81,4,130.37
61165.73,364,56,65.35,5,177.2
38707.55,1176,36,36.62,3,131.68
58285.61,562,56,31.85,2,138.77
44673.54,123,28,25.08,2,102.23
20535.82,247,38,57.51,4,95.95
49279.02,978,38,29.99,4,181.43
26760.68,121,48,12.04,1,19.45
18884.33,372,46,78.27,3,70.59
52853.56,399,51,20.91,5,100.49
64108.73,274,45,16.49,1,148.41
65492.04,5977,50,84.9,2,207.48
66966.24,267,30,70.21,3,171.35
16933.95,632,47,76.62,2,80.37
23189.17,187,62,35.04,2,70.51
145137.49,683,20,61.74,4,185.95
27557.64,963,48,93.22,2,72.43
68594.15,224,50,28.27,3,157.65
33596.74,381,60,6.9,1,150.07
51216.65,164,51,17.09,1,127.34
34603.5,128,43,89.75,8,125.88
66759.22,1137,47,28.15,5,261.06
52850.68,231,32,49.13,3,116.17
38309.02,36,36,53.46,7,125.78
27512.76,2357,24,96.0,0,144.55
56799.1,180,61,30.15,1,121.61
25159.85,315,47,52.14,6,26.68
62013.95,2081,30,95.81,3,238.47
207848.91,350,45,20.13,4,222.75
103011.25,342,57,59.79,3,217.35
72772.35,118,54,6.36,2,107.24
46766.2,78,29,26.3,3,124.64
16876.65,341,18,6.92,2,12.35
23688.44,579,47,33.02,2,100.36
99263.78,547,30,20.64,3,214.18
31749.56,249,50,79.84,3,108.17
33369.96,411,54,46.34,7,122.69
44752.04,64,56,40.5,7,63.79
27333.67,639,64,69.23,4,52.15
24966.18,474,58,94.72,7,44.34
47678.66,2903,64,30.15,2,99.05
30021.19,406,59,6.68,7,74.21
32612.14,157,61,10.98,6,69.4
31899.48,383,41,85.72,2,210.11
65335.98,290,25,84.59,2,183.95
43145.39,623,74,47.54,3,88.16
44435.12,414,42,14.76,1,131.28
68071.93,114,57,52.65,2,205.58
45336.98,78,34,66.84,4,146.79
42064.54,524,54,33.22,3,146.77
63496.98,1608,18,8.25,3,229.79
70792.53,436,36,32.19,5,174.48
45211.63,909,40,69.06,6,44.48
51243.0,1110,48,97.84,1,162.17
31888.97,526,55,19.01,6,30.13
30534.86,178,27,91.46,1,115.89
74834.26,490,50,45.66,3,136.42
62612.37,1348,57,66.32,1,286.92
62970.03,685,72,86.37,0,139.94
57209.19,852,51,55.75,5,202.76
50282.47,254,36,6.15,1,88.95
71899.64,329,25,26.58,1,147.52
81986.5,358,65,80.29,1,181.66
80916.69,383,51,55.29,6,86.23
46377.61,1297,41,32.91,3,171.77
105118.76,38,20,58.33,5,188.67
55584.15,415,29,26.86,2,139.65
69411.44,372,50,24.1,3,154.91
57248.02,102,46,82.84,4,209.61
56154.03,789,18,40.01,1,168.79
32706.74,195,50,27.4,4,110.12
72095.22,282,21,40.92,3,156.02
234429.91,2562,59,92.06,1,299.6
39889.27,1107,44,18.08,7,106.35
50972.78,716,35,18.52,4,79.98
38352.96,590,54,35.38,2,128.83
37480.99,342,46,6.04,3,69.09
114627.98,2979,59,7.49,2,228.94
33855.81,899,43,1.1,3,107.61
37769.45,190,43,14.62,1,89.11
20473.34,99,38,64.04,2,183.49
32315.86,711,45,19.64,5,147.78
19156.17,381,64,37.78,2,105.6
69389.62,96,35,70.56,3,165.98
228623.88,619,50,3.18,4,208.66
40067.73,308,30,20.91,3,171.52
19599.97,685,18,99.59,2,65.91
80418.52,627,44,59.7,0,181.07
32865.91,219,46,66.0,3,188.23
100171.68,759,40,51.6,4,235.85
41977.29,245,22,96.59,3,149.08
34630.89,261,45,14.43,5,97.09
44450.14,236,45,6.74,1,73.33
74367.72,1250,30,81.62,1,256.82
43257.19,304,24,0.41,3,48.53
37301.97,1591,38,56.16,6,132.92
43942.74,2400,50,0.14,5,158.92
24354.69,192,47,34.82,1,107.92
60984.03,21,30,65.09,3,165.0
18348.45,1146,43,54.73,1,137.51
38396.95,286,53,55.99,2,158.33
74433.54,169,26,15.73,0,97.54
57911.81,223,42,29.47,4,115.57
67824.33,266,59,71.0,5,188.59
47298.08,1476,25,2.33,3,163.89
93279.94,473,57,59.53,3,224.62
81518.44,1456,63,51.71,1,253.92
62653.67,661,39,34.4,4,153.12
81646.17,296,37,33.48,2,189.32
74067.56,273,55,79.89,3,181.89
38495.44,707,39,38.2,4,102.03
23408.53,916,18,7.99,4,106.87
61771.61,1093,40,96.2,1,235.46
66194.26,310,48,13.04,7,74.29
89300.25,480,51,79.75,4,158.01
29290.64,723,30,1.39,3,96.91
29776.15,274,38,36.44,8,0.0
63129.61,129,54,51.52,2,175.01
47139.1,180,41,2.98,3,87.46
17375.75,317,22,73.41,3,99.68
60253.11,782,58,26.06,6,92.09
17697.3,1420,39,54.12,1,100.32
29147.05,103,56,79.23,4,113.54
103096.92,221,23,59.11,3,244.25
133744.09,282,40,45.56,5,210.09
25119.23,893,48,33.61,2,112.05
40897.93,237,40,4.51,1,54.55
50183.54,262,26,91.3,1,135.82
130571.31,98,18,59.19,3,216.54
37381.16,654,61,63.15,3,121.83
37711.25,343,45,44.05,3,142.69
114897.89,209,57,37.27,2,202.3
39889.4,311,54,4.67,4,83.32
72926.76,1245,49,16.9,4,244.44
21754.4,147,37,42.55,0,73.14
44614.85,173,48,24.17,2,83.28
19677.32,1411,60,4.44,2,125.06
27433.26,435,43,54.6,4,65.11
77773.87,788,66,46.41,4,229.66
47693.58,602,22,42.14,6,15.52
41129.95,389,21,78.42,4,108.01
32473.76,284,54,59.95,4,174.49
43418.42,926,31,0.14,2,172.44
57850.2,1289,68,76.19,2,222.65
84170.85,1192,59,48.26,3,258.75
11569.98,123,62,51.68,3,106.15
31024.46,1487,53,88.96,2,149.98
53503.53,282,30,10.92,7,53.1
46426.48,189,20,59.94,1,95.71
61197.21,340,61,28.22,2,101.62
56791.8,926,22,3.67,1,199.94
41453.3,692,62,43.74,2,137.1
36688.94,312,50,28.36,1,79.53
42829.15,932,41,0.15,6,69.63
92208.56,463,47,49.29,3,189.58
32774.16,227,48,31.11,2,100.64
47356.35,198,39,43.41,6,61.27
54221.79,608,60,1.17,3,135.79
115634.89,371,60,40.18,5,198.9
41557.38,101,44,47.04,3,88.07
83062.09,941,34,46.6,5,244.51
96528.03,249,58,71.69,4,243.82
47331.68,1982,18,99.13,2,173.73
43656.37,99,47,2.79,1,112.38
40905.53,336,51,39.6,6,97.17
42586.7,200,31,85.67,2,159.29
78419.82,152,54,62.57,3,185.3
55662.14,247,41,98.36,5,199.52
55793.32,2369,34,71.34,2,222.38
26400.21,465,54,72.42,1,122.16
28792.79,182,27,7.61,4,43.82
159355.97,64,53,27.53,4,204.97
44453.36,72,18,58.38,4,122.0
32012.3,235,45,52.24,0,144.3
107699.97,214,42,76.26,5,207.26
57239.23,322,34,99.37,3,202.67
67372.03,41,47,20.68,4,114.79
45436.64,368,40,42.84,4,129.8
41139.74,1127,55,86.68,7,130.34
44655.26,2044,49,83.81,2,214.57
22913.79,60,47,81.72,3,128.78
46706.56,181,45,62.04,1,161.12
57688.79,171,35,99.32,2,168.57
135639.35,466,38,35.79,3,234.71
51395.17,119,45,11.63,3,67.41
13577.95,2169,39,13.26,5,147.26
46551.2,421,56,43.57,3,94.16
221178.93,356,43,80.49,8,155.88
78944.58,1983,46,45.28,1,256.4
31382.67,397,23,61.14,4,163.1
67853.66,602,54,35.8,3,193.46
32594.3,190,34,71.48,2,129.1
23281.3,102,28,15.31,3,31.29
40473.26,219,63,52.01,2,108.33
51551.65,3593,51,18.51,4,189.4
17506.27,759,54,46.86,6,41.84
26054.93,530,47,43.05,0,67.55
49300.26,151,40,60.46,2,169.71
39163.67,1003,38,50.95,4,162.04
60909.61,103,52,97.57,4,248.85
25132.88,84,56,90.03,5,66.0
72603.08,230,41,29.41,4,126.55
25563.8,2848,68,12.12,2,112.62
120994.92,2691,39,6.48,6,234.21
19078.8,256,23,19.8,4,43.17
26878.85,205,19,22.21,5,27.17
61670.07,78,20,88.87,0,153.65
122434.11,436,36,92.48,4,282.58
58295.12,474,38,23.05,4,121.28
66807.58,888,50,75.87,2,164.15
49495.91,1002,41,83.58,3,134.37
27874.87,331,52,37.75,2,87.58
37437.34,703,42,87.16,3,125.7
25171.05,200,42,98.87,1,139.07
24263.04,690,34,96.78,2,78.71
61142.46,242,60,74.19,2,180.77
26429.92,638,22,37.17,3,80.22
58439.93,589,45,22.7,3,208.0
23956.56,432,39,99.29,2,150.81
57699.9,892,52,27.62,2,195.69
37467.33,83,41,43.84,4,143.23
106259.4,139,42,26.41,1,211.31
58573.95,307,38,49.61,4,184.08
96730.17,95,60,11.04,1,201.38
32350.81,268,42,80.91,2,169.02
50558.12,277,67,50.51,5,134.64
28578.27,1494,45,41.95,7,81.18
39046.84,465,42,36.31,3,129.55
42439.83,1129,40,57.98,4,186.27
32885.2,545,49,77.99,3,128.03
25121.35,236,34,90.26,4,98.03
22529.15,461,43,84.15,2,56.0
13536.41,836,42,44.55,4,102.37
27419.49,1330,46,83.4,3,147.37
69225.3,353,46,52.86,2,120.71
20349.79,77,47,63.82,3,82.89
23098.72,72,43,67.46,2,125.15
131267.72,291,62,39.97,3,202.23
34541.86,38,47,48.61,1,128.97
58487.91,2428,75,69.26,3,238.94
69791.98,732,42,30.79,4,195.37
70572.04,213,54,74.69,3,191.52
21220.59,133,32,35.41,3,45.8
43170.69,1127,60,58.55,2,165.0
20130.17,132,32,83.76,5,69.42
188240.34,145,47,2.32,4,149.21
20390.38,187,38,24.03,3,57.0
27548.07,452,47,56.12,4,107.69
27657.98,750,38,10.61,5,84.34
21522.12,1329,31,20.56,3,91.58
103148.67,1147,38,74.91,4,313.58
185785.18,403,62,2.58,0,222.09
37734.8,1119,48,61.0,3,188.69
23712.73,206,25,3.42,4,21.45
14323.99,65,56,11.59,1,103.75
42861.97,206,30,39.03,4,154.99
41191.99,180,51,96.48,0,187.16
34261.83,214,49,54.58,1,144.97
55367.96,154,50,31.22,2,167.13
60921.73,254,66,41.13,3,157.52
58553.48,749,31,56.88,1,163.68
41197.44,2242,49,61.94,2,144.13
26745.14,71,58,26.79,1,70.12
70700.52,111,33,19.73,2,113.36
49359.35,182,32,49.53,2,162.62
79905.23,867,38,64.49,3,217.96
75700.61,328,46,81.66,2,239.04
22427.22,195,23,59.28,4,105.52
22274.05,826,49,69.24,5,53.38
32352.7,1049,23,48.4,4,150.76
27420.71,395,58,56.67,1,80.16
74264.51,178,48,63.54,2,214.46
59469.59,528,66,23.63,0,199.75
89729.17,319,50,93.41,3,233.11
60965.76,317,38,34.53,3,183.5
54981.79,241,31,60.47,3,140.06
94830.98,1017,45,56.1,5,255.63
63471.74,517,41,85.33,6,179.18
50891.72,1136,57,11.36,5,188.23
110663.48,1535,29,88.42,6,230.08
52226.72,638,68,13.7,2,123.2
41465.32,243,58,14.45,1,131.56
30921.2,1141,39,86.23,2,195.17
72161.65,642,65,25.71,4,122.45
96797.63,5449,31,61.18,5,312.03
47675.69,550,44,46.36,6,100.23
100644.88,810,25,93.43,0,249.34
16588.94,539,66,78.21,2,64.62
47548.27,365,20,33.5,0,142.87
47951.62,311,23,81.34,1,181.15
32864.66,541,33,22.58,4,162.74
181883.85,679,59,61.56,1,186.21
47268.25,1279,54,75.16,7,101.38
39173.2,549,43,70.32,5,129.54
49725.8,253,55,65.67,4,174.54
16292.37,290,40,83.0,1,138.59
32275.79,107,47,55.62,3,123.07
84185.84,2124,63,92.83,3,235.86
34685.61,234,38,14.48,4,117.9
31073.75,1061,32,35.57,0,147.05
100734.04,531,48,78.3,1,277.07
102451.0,546,51,30.81,1,263.0
65143.3,358,43,44.29,2,197.82
38165.43,183,55,77.29,3,120.71
42971.44,153,39,53.86,4,106.12
31499.2,2272,43,18.76,3,125.47
28363.97,452,46,17.48,1,102.95
27600.0,1242,45,30.12,8,48.37
34894.0,1611,62,30.3,5,161.5
27747.57,267,46,13.67,2,87.27
20742.96,616,38,83.47,5,100.7
55307.92,422,48,28.26,6,143.41
55772.02,126,55,80.22,5,163.91
124920.9,335,52,97.35,4,210.37
33942.18,725,51,33.2,6,59.15
57690.93,244,22,97.02,4,207.99
58220.45,291,18,19.12,5,175.04
42633.23,339,58,64.75,2,175.4
73819.89,3332,47,99.12,3,235.59
75085.0,64,41,80.84,3,214.53
58693.02,666,51,22.97,1,128.18
42591.0,313,67,25.73,2,142.27
40269.85,212,60,26.24,1,122.02
23103.41,305,54,94.3,4,141.23
31468.59,786,30,24.54,4,64.65
34818.21,832,32,50.96,2,139.55
26418.39,485,18,34.99,1,128.39
62439.8,1203,50,36.13,1,242.84
94669.33,1434,56,40.82,3,282.35
29749.44,912,57,34.5,1,84.25
57290.65,233,50,59.99,6,106.53
27756.88,661,39,42.55,3,94.86
41452.06,664,34,44.1,3,91.4
33534.12,178,31,50.6,5,132.01
68257.5,83,39,35.62,1,190.0
33747.66,53,29,75.46,5,123.29
85512.11,432,64,50.35,2,172.67
42823.98,543,25,50.92,4,116.25
34293.73,123,39,20.98,6,70.24
24604.44,1148,18,3.08,6,78.13
56345.77,469,45,80.93,2,187.15
80207.32,1555,41,85.55,2,264.92
56972.65,584,37,24.12,3,178.53
167939.22,138,29,36.0,2,231.37
107622.29,637,42,35.8,0,235.4
41392.7,788,34,68.42,6,91.91
41154.35,233,40,18.72,3,123.75
63470.67,95,67,97.87,6,139.78
30917.86,445,44,6.19,6,88.9
93102.71,148,48,97.38,4,228.38
59807.14,1237,35,6.88,1,177.68
56446.72,268,31,31.75,3,151.8
71526.59,2263,41,25.07,3,207.88
126444.21,48,74,25.96,2,239.57
53853.65,461,38,99.47,3,113.13
46065.88,1684,46,45.84,3,180.07
112397.37,165,31,11.95,2,171.85
83462.5,344,18,98.23,1,184.63
41087.58,269,31,24.27,4,71.06
49160.83,203,72,7.25,5,41.72
54582.0,515,49,2.42,6,83.2
59814.13,110,63,46.32,3,144.94
23245.58,361,37,91.83,6,93.7
20986.48,675,18,1.7,1,106.69
30089.62,325,27,72.52,3,89.75
28836.4,148,47,26.04,1,107.22
34402.92,1130,45,21.91,3,126.87
69500.61,837,41,70.38,3,196.33
44671.41,142,35,74.79,3,101.1
54612.44,110,54,55.9,4,87.69
25000.05,155,35,20.23,1,15.7
38028.71,695,46,0.63,2,110.74
67710.17,531,44,73.73,2,174.75
67997.34,888,37,59.96,2,193.99
32908.44,291,30,42.25,5,61.31
53579.1,160,36,21.36,4,47.13
164286.37,1011,66,76.19,3,251.19
48548.62,231,56,7.09,1,117.53
33481.46,486,55,64.27,1,137.58
44552.82,85,31,68.84,2,187.59
51570.1,228,23,22.33,4,91.46
45109.92,1106,56,48.33,2,165.06
48182.68,197,53,52.02,4,123.23
22161.33,910,43,59.13,7,19.89
28869.85,39,37,90.12,2,113.89
45155.42,230,22,54.64,3,139.0
44761.45,339,53,6.73,1,121.18
35903.71,2304,57,34.5,1,165.09
44473.22,125,33,62.83,0,179.68
50693.76,789,32,33.31,1,172.08
79951.65,1160,58,76.79,4,240.44
46417.58,196,33,18.99,4,140.75
61053.56,277,65,14.3,3,110.49
36392.57,464,40,23.1,2,164.82
67147.88,91,36,87.61,4,161.03
60273.73,255,42,68.09,4,168.99
78920.74,1445,36,52.0,4,178.36
72576.99,680,56,30.03,3,169.01
67765.24,344,53,91.86,3,230.32
46437.86,451,56,88.88,2,106.05
56090.21,721,44,39.94,5,155.55
87985.73,873,36,75.27,4,197.06
34247.16,231,41,91.36,2,149.53
34695.86,1871,36,31.34,4,122.34
54164.84,1504,61,32.87,2,186.58
61599.18,794,55,54.58,3,245.15
31155.36,173,40,40.84,3,104.44
47045.97,145,29,76.15,1,146.85
46550.86,291,62,53.69,1,130.08
14495.53,428,43,21.19,0,82.0
43443.79,68,40,35.64,2,124.11
44957.6,661,62,67.12,1,115.68
44884.1,1461,35,5.34,2,161.99
106804.23,718,37,34.22,4,215.56
25117.27,205,39,1.61,2,17.87
31146.51,182,24,82.09,4,85.06
11652.69,544,46,11.72,3,27.37
37627.7,346,32,7.72,2,81.69
39434.49,628,34,78.66,1,155.53
37031.07,736,32,8.95,4,95.68
90149.31,1202,34,68.43,3,280.83
78695.37,130,31,37.99,3,133.89
51165.52,503,45,82.17,5,106.45
39981.13,280,39,18.29,9,99.58
86198.18,365,42,8.44,4,112.34
48490.98,957,72,22.84,1,70.84
31255.53,1067,39,93.21,3,108.52
19073.65,1633,49,82.91,4,128.13
38456.27,617,51,28.58,4,106.33
74239.67,361,41,20.61,2,154.03
171458.46,313,45,15.68,3,176.03
50710.37,71,42,22.12,0,93.8
32178.52,1540,44,20.5,1,136.74
25546.85,292,34,88.82,4,110.59
66408.16,669,35,2.0,5,175.28
18572.94,795,42,88.01,2,122.91
66349.39,116,18,4.14,4,153.08
76860.04,160,61,82.68,2,146.73
62314.77,1895,70,42.57,3,187.14
43442.18,539,44,7.72,4,94.41
66884.15,225,50,79.9,1,188.71
53853.15,355,56,25.64,3,75.26
31953.34,1195,24,87.8,3,133.35
135635.55,1026,54,75.23,1,281.92
40399.65,93,36,98.18,1,190.16
75106.6,2067,71,83.19,3,240.48
12961.8,1060,39,24.1,1,100.19
98919.23,346,53,40.92,2,195.49
109954.3,122,39,69.66,6,187.46
49831.8,1157,70,31.61,2,208.06
66657.58,649,35,54.65,3,184.72
66648.2,93,57,23.76,1,171.3
34422.61,319,50,66.3,3,162.9
66231.88,9192,47,34.21,1,224.35
31421.68,410,44,5.52,3,139.05
35072.89,192,33,96.78,1,147.01
91109.62,147,18,84.39,4,241.51
83789.4,2373,55,30.37,0,266.4
33239.48,941,35,12.96,3,163.45
32745.9,1648,57,73.52,2,176.08
34369.4,517,46,22.07,4,133.31
73346.62,1413,57,60.55,5,266.84
28282.78,172,52,77.91,5,81.6
59646.57,474,18,27.24,2,188.34
73922.0,537,49,28.46,4,166.53
46698.39,1607,37,6.16,3,153.69
85437.04,554,57,31.98,3,149.07
41466.01,215,49,59.75,3,99.08
43581.12,430,49,15.58,1,166.64
28638.71,75,38,95.31,1,135.3
85771.97,39,30,72.24,3,165.11
32157.91,926,36,20.39,1,134.33
59419.31,277,18,53.06,1,142.99
47135.24,310,34,39.14,3,67.14
27473.28,926,22,38.24,1,76.02
35066.21,1631,23,56.0,2,108.91
104880.8,688,43,10.82,3,223.68
54770.75,2774,48,21.53,2,234.41
28140.56,666,41,14.97,5,66.39
57984.47,545,35,17.4,3,182.76
45235.49,513,29,65.52,0,110.51
327657.95,111,37,99.62,5,250.06
57343.69,1049,31,65.11,7,123.28
39761.58,34,41,98.47,5,173.37
107046.15,224,22,57.7,2,251.87
17808.48,412,51,28.33,2,95.74
51630.92,183,34,87.23,3,163.53
146816.04,256,46,6.72,6,158.62
45985.91,2538,53,10.24,3,143.48
18895.6,1216,46,94.76,1,169.3
39428.54,203,52,65.02,1,123.29
109096.15,252,18,92.9,4,186.78
60284.98,112,35,13.29,5,108.5
30903.64,816,56,76.83,4,144.74
33628.07,314,48,23.48,5,92.88
36032.08,56,66,34.34,1,109.11
59793.89,446,64,89.9,5,155.28
102335.09,625,45,41.13,8,168.23
87450.89,1056,38,67.05,1,237.95
62994.75,374,29,88.73,2,211.62
23566.83,277,35,87.09,2,88.32
23614.99,2940,36,0.89,2,141.21
65728.55,406,34,15.82,2,166.86
23388.29,828,30,91.86,4,57.9
43301.31,235,47,56.24,2,145.11
57946.92,804,64,48.02,1,248.44
26221.19,94,54,6.53,5,34.38
27907.64,254,37,2.51,1,52.25
46547.73,120,55,95.34,1,112.77
64667.09,220,46,47.39,2,161.88
87889.47,1408,41,78.64,4,239.88
68451.41,218,40,22.0,4,199.04
51047.46,827,39,23.71,3,132.0
32519.43,1839,50,56.03,3,185.27
27200.79,392,43,87.6,4,105.46
37012.75,1089,32,28.86,3,183.16
61418.39,686,31,32.88,4,163.94
58991.17,453,45,55.06,3,167.32
15445.21,854,47,4.0,4,108.21
31820.87,2540,37,37.88,2,169.77
95080.5,213,27,55.63,0,247.04
51203.76,154,58,0.48,3,102.33
22485.93,145,55,63.8,4,54.85
179100.37,1090,18,5.1,2,249.16
48246.67,1248,59,72.0,3,170.37
60559.62,235,39,80.17,3,165.01
61067.72,47,44,83.88,0,201.8
40047.54,205,56,67.34,1,86.21
32854.19,697,63,56.16,2,129.47
157459.13,377,55,30.76,5,233.79
85115.4,483,45,42.46,6,147.24
77038.88,239,24,8.71,6,98.69
67302.93,1112,18,70.71,2,194.57
28230.99,568,53,2.47,0,47.74
98976.88,725,59,41.34,2,244.65
30831.03,472,31,50.62,1,137.53
57285.78,681,38,65.01,2,184.34
19897.22,638,34,34.32,4,133.2
15955.0,159,34,44.28,2,39.97
58399.36,585,55,58.74,2,218.8
31413.57,890,44,92.32,2,120.08
16415.12,1280,39,67.2,2,149.28
65995.06,611,76,25.44,3,139.92
157321.13,153,23,84.73,2,224.53
105267.3,179,49,5.51,3,146.71
42551.7,261,28,27.23,3,83.51
49259.86,487,39,10.82,3,134.3
79876.62,357,43,44.7,5,168.63
90868.66,131,52,63.69,3,255.51
40581.0,130,38,53.1,3,107.08
49951.0,49,37,81.13,2,168.1
57834.35,17,38,56.75,4,169.35
66478.37,353,27,23.27,4,154.91
45561.03,4106,50,53.64,4,170.79
45887.73,2432,45,73.55,2,149.83
104705.59,151,47,50.3,2,229.17
95343.02,468,41,44.2,5,231.64
63740.52,93,39,52.91,2,190.16
126185.71,108,57,54.81,2,263.91
39634.48,121,55,31.06,2,93.48
119687.01,321,60,85.42,1,210.01
66064.28,336,46,20.77,1,184.04
296281.23,519,59,3.28,2,176.57
25441.45,783,36,74.15,7,71.04
33552.28,288,39,84.23,3,123.1
61718.49,418,57,64.27,2,150.41
60990.83,135,52,46.89,5,156.88
143282.92,105,38,97.52,3,211.9
33941.51,90,28,37.08,5,79.07
80636.38,772,39,40.59,4,152.34
92907.04,287,33,59.11,5,239.02
72226.07,62,64,43.04,4,149.78
28895.81,378,51,55.53,0,97.83
106326.24,115,32,96.66,3,247.23
96387.2,2122,28,23.75,3,276.34
68170.79,226,31,14.86,2,124.01
54851.85,797,34,42.36,2,187.11
55512.27,1198,39,50.4,5,179.79
46943.28,155,56,71.32,2,98.51
69733.2,435,29,95.52,4,204.96
49867.47,701,71,68.87,2,122.91
30739.73,452,29,98.72,2,73.72
27536.69,578,23,24.63,3,86.04
32415.11,106,63,20.89,7,0.02
55391.02,702,59,30.65,2,198.11
48299.39,248,39,78.71,2,171.96
55184.59,572,46,18.65,3,222.0
64566.26,1012,47,19.62,3,189.97
34716.61,787,43,41.17,3,92.5
109766.77,571,25,31.75,0,199.63
42309.17,766,18,64.65,3,97.48
38623.46,803,31,89.02,1,142.75
63915.2,1799,65,13.87,4,164.8
17852.87,389,66,54.68,1,85.53
31735.97,475,38,8.84,5,89.2
84085.55,1024,29,22.15,1,181.06
18852.82,247,45,30.91,2,117.36
90641.35,106,47,57.91,2,255.51
112546.88,660,49,55.49,0,248.36
40006.59,328,18,64.31,3,135.11
57555.04,120,83,81.89,2,145.82
90716.8,665,56,18.72,0,218.43
37921.21,1687,39,74.34,3,116.72
79005.8,79,32,66.7,5,135.42
33889.76,1121,54,7.97,5,150.22
37696.36,31,48,34.47,1,86.05
31582.71,270,43,2.77,1,114.65
59186.93,2541,47,9.02,1,228.36
92677.68,290,40,28.38,5,193.41
44299.91,441,47,24.31,1,110.05
24362.81,865,51,90.02,3,110.72
27024.83,72,46,89.38,2,138.52
60902.51,433,45,57.79,2,146.02
135166.69,430,60,73.5,5,203.22
60873.23,2597,21,99.96,5,217.82
39624.66,117,31,41.02,2,124.8
74712.39,275,42,52.24,3,175.47
42970.79,159,32,65.11,2,130.49
39812.78,143,36,92.06,5,169.75
28936.17,1245,58,79.7,3,119.43
106366.6,414,40,6.44,0,181.23
12129.98,231,18,71.3,1,127.63
76025.38,240,36,25.19,4,172.05
37984.76,229,42,25.49,4,68.06
39117.01,251,42,54.72,3,133.58
124339.79,113,49,69.63,6,223.76
33097.99,311,48,15.92,7,40.4
33723.9,281,40,31.45,4,132.0
45628.29,189,26,71.61,4,161.2
61550.67,471,36,15.2,1,171.26
38444.82,512,33,84.97,1,192.65
20627.44,231,38,45.6,1,107.39
30450.75,349,50,58.6,0,138.25
99184.16,3493,47,8.04,6,230.43
51078.92,3362,52,95.45,4,195.77
62824.35,140,37,90.75,3,176.62
42455.78,161,61,19.01,3,66.23
34107.63,139,50,66.31,2,112.62
123335.45,1161,43,79.31,1,291.31
44200.64,270,49,12.2,2,122.63
38412.82,512,33,57.75,3,134.71
89579.19,2971,18,85.05,3,224.77
32948.53,399,34,50.67,2,185.95
35344.57,817,51,92.38,3,180.58
49297.85,678,43,4.78,2,97.07
49028.08,224,40,91.92,4,172.44
56544.67,1163,30,97.72,1,204.29
154881.87,172,18,15.59,3,185.69
58978.99,1540,60,43.1,0,192.39
13254.21,224,39,62.08,0,85.56
58657.13,250,36,89.32,2,209.97
50052.81,135,33,15.95,5,82.34
50206.39,160,58,33.4,4,77.95
56121.32,263,53,79.79,5,162.5
48253.66,35,29,41.0,5,83.37
47622.63,319,57,60.49,2,142.29
68677.32,242,40,56.0,3,202.75
36382.95,888,34,97.32,1,129.56
29108.12,615,38,14.15,3,115.22
258610.88,198,31,94.84,3,230.94
33066.58,255,24,56.42,2,117.64
51796.54,319,52,90.42,3,202.52
21533.97,1782,39,11.79,2,112.89
52263.72,177,50,64.15,4,163.24
29340.55,196,45,84.01,2,95.65
38431.78,130,49,78.69,3,144.62
87097.68,91,18,0.99,2,90.44
63551.46,548,30,45.22,3,163.52
67011.88,494,49,11.53,2,170.03
18505.76,1455,25,15.28,5,125.98
134630.91,1142,46,70.63,0,279.35
25449.85,4434,23,95.66,3,113.07
113630.64,374,42,63.41,5,255.07
85978.21,310,62,10.24,5,93.59
67341.57,109,52,24.4,2,78.55
30630.71,809,18,37.89,2,91.16
53283.1,454,53,12.54,2,139.36
37835.13,773,65,84.8,6,79.04
49810.04,129,78,19.45,2,51.62
42726.31,573,48,12.96,2,125.72
15974.74,495,24,72.57,3,75.09
90851.47,463,47,12.68,7,120.97
46882.09,203,62,41.03,1,105.47
37547.41,1325,39,51.55,1,181.18
36019.65,3134,55,8.02,5,138.42
59703.91,132,31,55.58,2,123.64
29984.44,829,46,48.02,2,142.5
14180.93,22,18,66.84,0,60.75
61323.68,787,29,21.91,5,199.83
65219.03,62,41,35.66,5,175.45
43923.4,238,37,65.97,3,146.89
26072.94,108,25,3.56,1,44.49
51478.24,325,35,11.58,4,43.75
21905.81,933,46,28.36,3,122.56
27862.12,62,40,10.64,2,31.16
32438.98,281,42,3.95,3,120.26
77976.79,241,51,98.74,0,234.32
40157.48,1960,37,45.58,3,121.54
38317.94,621,59,53.37,3,88.99
143642.22,124,29,25.49,2,187.44
59507.31,251,67,0.77,4,143.19
59068.14,1912,56,75.07,1,220.0
40001.19,824,37,72.38,5,129.39
35312.62,161,38,97.25,2,144.79
14727.57,308,44,2.11,2,80.45
83517.15,318,49,13.7,1,124.91
62728.45,235,56,71.21,6,110.64
44420.6,72,24,33.01,0,78.17
45457.15,204,47,6.38,4,63.59
73488.14,1618,18,30.1,1,244.58
20845.84,275,39,8.77,3,50.72
35438.9,363,60,83.76,2,118.38
26239.82,464,23,87.69,3,39.76
129875.31,3707,21,63.69,0,272.58
79348.95,407,44,38.56,3,143.28
14596.24,1204,60,76.88,3,93.11
21320.64,221,46,63.16,2,79.51
45579.34,311,18,79.2,2,132.62
37803.53,408,20,51.09,3,80.03
23661.15,186,43,95.83,2,115.41
142859.83,329,26,29.0,1,224.57
58214.92,980,43,60.42,4,187.47
63649.64,181,44,80.81,1,160.25
33503.05,403,35,89.39,5,157.96
72929.67,819,65,94.67,6,150.73
39765.78,176,49,39.5,4,111.36
41946.96,1206,57,69.93,3,171.98
68600.22,433,53,29.02,0,165.33
20011.28,342,40,64.94,5,99.29
117991.2,54,39,18.42,5,150.51
54193.38,277,38,42.15,2,96.77
99162.91,584,50,92.02,3,280.83
27133.36,2310,33,81.09,2,96.44
29503.35,711,64,49.65,8,27.35
25872.99,1244,32,14.68,2,163.75
56255.76,120,44,39.86,2,179.11
50832.48,355,39,13.87,6,60.94
37970.83,1367,36,6.85,1,130.06
28064.53,166,70,90.65,2,87.38
24425.23,1059,36,49.14,4,80.69
47730.88,839,38,8.94,4,128.56
37946.3,530,33,71.67,2,164.78
33621.34,290,42,7.42,4,97.26
114794.54,150,40,39.62,1,199.62
46850.68,2381,27,23.03,5,140.15
98570.14,758,36,16.46,4,264.02
36560.05,567,49,53.35,4,136.03
56085.18,266,55,71.97,5,168.41
47547.68,419,42,48.72,5,93.22
19270.06,475,42,82.08,0,132.24
107536.55,601,37,91.74,2,221.83
45509.01,840,35,80.72,3,136.98
73904.58,184,30,95.65,4,171.38
32415.25,93,21,92.9,2,122.97
44771.88,438,32,83.25,5,139.69
30431.43,70,53,29.26,5,70.92
96741.64,291,36,17.43,4,161.6
58178.73,242,37,72.7,2,223.53
59986.78,659,37,84.55,7,142.22
103466.3,2929,58,82.31,1,303.29
92594.75,57,29,64.36,2,195.62
74677.82,3921,45,82.99,2,245.63
22427.65,319,41,70.72,3,102.54
33435.6,571,42,66.54,6,71.37
28222.13,98,45,4.66,9,0.0
73140.94,1093,42,46.05,4,160.62
53844.66,420,52,3.38,2,63.34
22816.02,379,41,9.24,2,96.3
44187.21,58,64,54.1,4,122.37
21552.31,434,42,4.75,2,94.54
47608.37,939,19,91.32,4,137.35
19723.09,318,50,45.03,2,102.22
65568.79,1305,47,70.0,2,278.97
60347.78,1252,42,14.78,5,257.52
139996.36,212,38,84.76,2,246.74
78145.7,1988,18,47.81,5,215.88
38847.43,422,18,55.88,4,115.44
76875.2,424,63,64.85,3,119.18
22726.45,445,34,53.99,2,117.83
28872.36,432,54,56.32,2,109.81
58878.33,29,21,74.45,4,120.3
14957.42,335,28,80.65,2,149.62
48029.06,103,50,30.62,3,99.32
27969.09,2051,40,92.2,3,125.23
51829.71,1970,48,35.39,3,186.57
27098.81,945,41,27.23,1,87.37
61903.78,317,39,31.14,3,218.45
49544.68,147,33,35.85,1,107.68
105894.78,209,26,31.69,3,189.57
49202.71,2814,60,84.38,1,161.08
32120.39,201,62,56.12,6,52.3
42796.55,38,28,96.76,2,160.68
23404.18,1130,27,8.4,4,84.17
61290.22,1808,37,61.4,0,251.63
67806.79,2120,46,9.6,1,200.71
190623.93,1139,39,45.89,3,270.04
34821.5,1341,48,38.27,2,129.38
42307.22,425,41,68.08,3,115.41
35715.24,50,40,74.54,3,92.03
55086.64,414,73,23.81,2,77.51
60471.64,751,35,19.37,3,186.89
47602.66,352,63,41.95,3,68.76
89096.85,336,60,24.2,5,187.36
34914.63,153,48,67.66,4,126.09
84321.8,148,18,51.77,3,168.35
65918.46,2535,42,82.7,3,246.33
48697.53,2628,35,98.13,3,132.96
41224.37,402,42,37.81,3,114.17
186216.87,534,28,91.2,4,241.19
31277.22,151,51,77.72,4,161.42
57749.11,767,54,14.91,5,216.97
32447.53,2344,57,83.59,2,142.56
130887.23,87,37,48.15,4,232.46
79837.97,641,28,70.92,3,146.98
33755.8,691,46,70.26,2,160.82
64986.01,683,64,88.6,1,195.21
56485.13,2085,42,76.12,2,199.72
36895.92,3090,47,82.46,5,167.5
74383.57,319,38,32.09,1,124.07
60725.44,790,35,97.31,4,229.28
55195.37,438,50,66.16,3,138.21
47903.51,214,40,77.37,5,150.07
62135.95,528,47,85.89,0,198.47
55612.5,789,48,12.38,2,200.52
50640.22,501,46,33.64,4,148.15
34456.1,167,49,83.59,3,156.82
124439.06,253,30,92.2,4,286.78
27509.01,255,30,75.61,3,71.96
62019.24,173,41,48.23,9,88.61
41104.28,551,41,25.11,2,71.62
129023.65,612,35,52.5,4,211.07
29824.47,1074,45,39.73,3,58.22
32715.53,171,53,88.56,4,110.56
28755.95,226,57,56.73,5,45.06
58565.78,1909,60,39.21,1,215.51
23036.2,342,24,49.85,0,90.98
37677.16,415,26,93.36,6,92.36
15005.9,338,38,61.33,1,128.26
55951.01,1252,43,22.9,3,255.27
37230.43,1302,38,50.01,0,129.67
21624.21,1228,34,46.57,4,97.17
89061.74,414,38,31.04,2,170.83
23879.68,168,48,73.63,4,111.15
75987.11,2766,24,26.83,4,255.64
33337.15,949,72,49.25,4,100.1
118286.42,255,42,44.1,5,234.64
74032.01,1675,55,46.69,2,227.5
28157.63,236,34,56.68,3,102.17
29602.22,1653,49,68.33,4,134.72
68393.9,1769,43,14.3,3,226.92
42433.44,160,53,28.83,4,80.25
44661.25,721,39,77.28,3,138.94
98689.26,881,62,90.77,3,274.9
32474.85,5513,22,4.47,3,140.94
51545.06,192,54,7.34,3,16.25
82871.4,1690,43,93.38,2,235.96
76497.6,410,28,14.79,1,177.49
44900.9,116,67,97.93,2,121.02
41818.82,357,66,82.82,1,170.3
18838.38,404,18,12.07,4,50.43
27421.02,139,44,10.25,5,50.7
58401.54,551,51,97.73,1,183.03
45440.76,1051,47,25.48,9,33.93
51083.15,511,61,53.87,4,146.21
86819.76,234,58,23.62,2,179.71
25513.74,347,45,60.07,2,68.25
43049.28,401,71,84.0,2,112.51
54382.14,501,54,65.69,4,179.84
33280.0,1223,37,4.66,7,127.88
107722.36,529,34,59.52,3,176.22
80799.23,99,58,66.1,3,205.22
57501.9,229,31,20.09,1,46.87
131508.59,476,36,76.21,2,243.62
21495.69,1241,38,62.69,1,102.69
48812.93,1477,46,0.95,3,163.5
59963.14,2379,39,95.06,2,247.27
29643.4,459,24,44.56,4,83.41
57837.52,865,57,23.24,1,214.79
26672.27,94,36,8.62,4,44.12
71668.49,620,68,37.44,4,134.62
87711.57,137,45,30.78,3,178.1
56941.71,378,58,29.8,4,159.4
17693.65,8348,50,79.32,2,112.32
28803.83,546,59,64.59,2,86.8
66875.67,170,49,13.31,1,135.0
49595.69,606,45,70.81,4,119.94
11140.01,240,56,72.35,2,117.03
97105.83,154,74,51.43,5,173.11
52847.26,3304,38,99.58,4,240.29
31241.7,1172,52,28.35,6,113.3
84730.05,569,41,5.85,1,112.57
33770.84,272,48,2.88,2,101.49
33568.77,295,42,32.05,4,85.16
59700.4,1886,18,49.79,4,212.47
130557.78,548,39,7.82,3,211.5
119727.42,18,54,56.58,5,239.06
59745.03,4541,32,90.09,3,253.45
63215.96,484,53,79.69,5,174.05
75759.9,568,44,67.25,1,227.03
24554.71,1195,39,66.17,5,101.23
69862.31,642,53,73.03,2,209.59
32736.95,851,50,49.42,1,169.3
58405.36,264,47,40.18,6,121.47
43256.07,117,55,30.67,0,126.81
64580.29,533,44,9.96,0,193.09
52310.74,1688,20,56.22,7,116.97
9043.79,211,37,47.25,2,74.3
54089.23,194,18,11.89,4,66.38
69785.68,1367,50,26.83,6,190.59
62646.34,255,53,78.72,5,167.87
46331.52,267,54,25.56,2,87.65
120956.82,277,48,42.57,2,187.57
58177.57,378,54,16.13,1,136.35
62362.56,83,21,16.98,2,111.57
87070.25,235,40,75.63,5,162.54
59839.79,507,23,6.67,5,149.4
29914.25,504,37,28.5,4,64.94
12821.96,1284,63,98.08,5,132.88
37706.34,2538,56,47.59,2,211.21
74497.44,1830,50,60.62,2,270.46
40368.18,1006,39,64.08,2,101.0
76164.3,347,29,19.61,3,129.45
53199.3,216,44,36.93,2,82.25
99552.09,410,56,40.07,2,225.45
41673.92,724,47,23.07,3,130.94
63398.04,917,21,23.4,3,189.48
64746.62,752,43,60.79,1,178.14
111958.22,357,18,10.85,2,158.18
19174.75,886,52,12.91,2,114.47
38096.41,1423,32,57.33,4,164.49
78173.33,972,26,44.93,4,167.41
114719.24,390,52,61.19,4,186.0
55940.24,175,49,2.7,3,129.95
41731.55,171,45,70.49,2,137.91
74340.79,204,70,84.99,1,141.35
79046.1,521,50,52.41,2,160.6
40222.67,678,33,84.08,3,115.94
58786.59,98,48,39.97,4,140.31
93834.7,243,38,7.89,6,131.31
138656.16,514,58,37.75,5,221.62
73749.74,164,45,44.64,2,165.76
50225.41,622,46,86.55,4,167.1
47584.32,296,23,33.47,1,110.37
66607.21,195,42,31.51,5,171.87
45999.23,425,41,88.8,2,97.86
54409.95,597,28,25.1,4,119.79
27396.43,172,39,64.24,5,86.14
100045.61,316,47,32.66,3,228.53
26183.86,643,41,95.15,3,106.49
38651.41,188,23,18.96,2,137.27
51723.95,76,38,72.39,2,115.36
146538.4,86,35,55.01,4,200.09
38852.37,265,44,97.87,2,170.04
33985.57,107,43,99.41,4,154.85
36208.55,284,36,79.37,4,116.11
122075.31,2132,36,10.35,2,291.98
10438.01,101,42,46.9,5,71.24
28239.98,304,54,85.45,2,127.41
220181.79,3402,45,63.85,2,243.98
67845.28,606,60,87.9,2,161.34
26681.03,279,56,79.94,2,114.33
47903.56,344,61,31.3,3,110.75
50873.63,619,59,19.51,4,136.6
78070.6,2199,62,32.26,6,169.77
134824.08,237,27,69.59,4,237.15
60700.27,189,50,48.11,3,161.61
36428.85,101,57,4.38,3,110.5
75576.18,447,60,74.25,5,119.96
33388.31,98,31,4.47,5,12.81
27768.69,253,50,40.93,2,120.13
18621.09,162,42,46.23,3,71.72
20726.73,1181,66,50.3,3,64.33
29940.13,242,23,13.91,3,48.64
25647.87,600,31,74.78,2,78.8
58237.23,81,18,84.94,4,180.57
25344.8,460,43,69.79,1,112.65
8699.18,121,71,95.11,4,91.99
27607.66,263,41,25.75,3,99.14
37815.61,3681,43,16.07,4,117.4
35136.75,1024,49,6.73,2,56.8
113067.31,354,40,72.15,1,242.51
34980.69,9886,46,16.21,0,150.18
79579.19,161,47,93.82,4,141.53
48511.67,1293,31,59.84,3,171.64
47893.37,87,40,80.41,3,98.61
30962.77,316,51,43.47,4,115.38
47461.28,104,54,73.48,2,162.89
32183.11,521,58,44.37,3,130.12
53826.08,426,46,53.88,0,138.67
43047.64,296,46,77.36,5,128.35
29157.13,1202,51,23.82,2,124.39
84587.51,228,34,88.45,3,203.63
61992.1,559,33,71.63,5,146.6
38313.8,916,40,74.65,2,100.91
53104.72,91,25,23.82,4,117.75
46812.13,190,47,9.01,1,151.55
30419.07,425,55,7.29,1,163.95
50958.81,757,32,64.7,3,87.44
34837.29,1671,47,15.0,2,189.19
29152.22,325,33,99.92,4,102.58
20079.97,293,28,96.1,5,162.96
40246.0,168,68,2.92,3,50.24
66958.87,561,28,72.51,2,134.06
33454.36,299,25,26.08,3,97.35
196101.92,306,44,34.09,4,196.59
79787.9,367,45,24.03,3,154.25
100446.61,700,50,83.05,3,253.74
75916.07,229,68,89.38,3,214.47
135818.64,186,31,4.04,2,158.5
31797.69,621,34,27.0,1,170.45
11987.2,19,62,44.87,7,0.0
38354.64,220,54,52.18,7,55.58
66637.33,127,52,8.76,3,206.34
53280.96,1343,34,83.0,3,205.28
57040.11,259,56,93.4,5,171.46
101366.76,230,52,40.29,3,219.87
60483.85,384,44,85.72,1,196.09
76069.46,222,34,67.64,0,188.77
29238.47,269,43,59.17,5,129.67
26836.91,444,63,81.91,3,65.46
119105.23,264,27,47.3,2,193.7
51818.15,262,31,54.77,6,52.51
34794.83,146,33,27.47,5,79.87
34829.95,127,36,71.22,2,141.02
34302.8,428,41,15.91,2,94.2
33192.28,548,54,24.32,3,130.26
24203.89,96,47,47.99,4,105.21
21477.66,862,42,38.53,2,58.32
44035.33,866,45,23.96,3,106.45
35379.6,1069,50,19.19,4,106.96
90123.62,544,20,86.09,1,209.65
57595.06,762,55,59.09,3,197.25
56722.41,3586,31,37.74,4,250.11
32574.46,298,36,84.58,3,175.11
45863.94,141,46,82.52,2,127.1
59787.42,87,41,11.09,2,158.73
72686.26,2334,48,56.73,3,272.28
46553.59,2365,43,30.56,5,185.85
88744.62,160,38,54.08,0,177.37
49236.68,194,61,71.8,2,134.34
75816.1,291,51,0.85,0,95.39
37443.23,1372,45,51.36,5,143.64
18089.31,111,51,29.17,1,36.19
56817.37,56,32,53.4,0,200.08
73052.11,3524,70,10.98,1,207.14
67268.07,551,27,81.76,4,160.74
61833.63,635,43,54.37,3,151.27
40468.42,328,38,21.11,2,66.06
31454.26,642,37,76.97,3,150.4
66399.88,88,36,3.78,2,146.68
61978.7,174,31,59.28,5,190.24
36008.33,448,57,50.18,3,75.36
90235.96,41,26,3.96,4,214.67
30164.59,298,54,24.97,5,99.44
35563.04,280,50,7.71,3,117.04
120575.8,298,37,73.24,1,164.37
79040.85,232,48,70.58,6,144.67
40259.24,149,39,8.93,6,47.29
57414.91,65,27,10.92,5,120.87
53377.03,466,27,88.03,1,125.85
10828.24,298,50,20.08,3,52.24
29775.44,101,49,30.37,5,33.82
47668.89,429,45,68.43,1,98.36
40290.21,300,36,6.07,2,94.97
56156.99,254,39,94.77,1,235.66
91236.95,46,37,2.3,0,221.0
41075.02,798,19,84.91,2,124.29
27399.77,117,42,36.09,4,65.35
58610.46,429,48,15.0,3,220.29
40960.24,179,42,37.75,3,135.77
44988.63,273,64,97.28,0,170.72
41752.91,1277,28,52.9,6,67.4
168217.12,686,33,5.93,5,216.94
14294.25,1248,43,94.15,0,99.36
39593.35,561,45,14.36,5,177.94
48921.44,599,18,5.47,5,76.55
31900.33,67,49,4.54,2,77.79
80410.83,293,45,82.63,2,171.66
76671.99,322,18,15.3,3,112.62
47750.03,1371,40,17.9,0,175.83
42240.28,243,31,94.41,3,151.77
46093.34,525,36,61.16,2,130.33
46275.47,505,24,28.54,3,133.89
46952.65,1283,47,58.65,3,116.71
44205.32,352,64,24.31,1,122.44
56322.37,923,45,49.43,3,206.68
74181.25,73,18,33.46,2,117.52
24918.28,80,45,62.26,2,104.27
27505.32,41,39,75.88,3,110.89
18738.12,885,27,34.85,3,9.16
78945.94,791,46,14.39,2,237.63
56256.55,989,53,35.57,5,230.08
64724.63,204,33,75.82,1,146.4
22332.0,229,20,78.71,3,73.81
130838.82,357,18,78.56,4,258.67
35071.08,1709,33,97.46,8,121.62
53772.27,2194,39,82.48,1,210.86
78426.06,892,35,96.86,3,219.73
28485.8,561,33,62.68,1,104.77
36298.13,1533,49,22.93,4,122.22
54097.57,312,48,60.82,2,118.54
236005.45,272,44,19.78,0,231.75
57850.57,354,52,8.53,3,153.62
118598.44,151,33,30.13,4,209.44
95141.47,338,27,36.28,4,183.15
60018.34,131,35,70.89,3,205.32
28451.11,1124,34,36.31,3,90.86
87804.19,694,18,0.31,4,182.29
21504.97,1685,34,91.69,3,105.92
118241.13,79,56,58.94,1,202.33
54721.01,2701,52,21.08,2,189.78
11411.5,83,48,25.23,2,80.39
40648.68,121,43,12.41,4,100.3
70239.86,216,60,90.65,8,92.79
43029.31,1491,28,23.02,5,155.53
72638.71,505,29,94.06,3,195.63
30714.39,316,56,26.43,3,103.71
23901.82,182,42,79.93,1,70.93
47131.89,101,33,1.05,0,86.22
49879.29,1252,49,48.33,5,157.63
40472.93,896,36,36.92,2,71.43
96279.45,1560,31,33.46,4,263.77
30711.3,599,30,99.22,4,173.73
58234.96,28,46,72.09,2,180.13
50888.05,116,44,25.58,2,102.24
20822.85,642,61,75.24,5,107.27
23730.9,278,38,12.96,2,81.96
49342.99,230,38,92.59,3,113.05
145751.73,133,60,42.64,2,263.56
67413.35,1040,54,19.07,0,206.37
18975.44,636,43,27.28,3,114.88
8859.38,665,21,15.51,4,55.27
73363.33,214,31,93.06,1,139.0
46494.19,481,28,30.59,3,114.59
91830.18,105,42,14.29,3,164.41
30200.24,354,35,81.29,3,177.69
59433.71,32,62,21.33,4,97.03
78072.68,84,21,9.42,5,120.44
38326.43,292,26,66.84,4,143.55
38779.73,4337,45,0.74,2,164.02
49706.68,66,48,83.24,3,134.52
66070.13,116,18,56.27,6,55.32
48635.86,501,19,24.68,4,63.61
83758.92,2367,38,47.36,2,211.68
38022.59,493,59,26.24,3,80.05
23608.98,814,66,53.29,4,78.86
145413.47,287,36,57.16,4,200.64
35152.51,242,39,77.17,3,107.42
35859.25,437,31,46.61,2,84.26
47278.37,208,50,78.66,6,53.86
50865.98,832,61,6.92,3,148.56
39629.3,80,58,92.13,2,131.72
48553.0,982,41,18.55,2,125.1
47960.39,419,31,83.66,3,125.98
53968.22,325,42,49.46,1,122.2
13404.98,78,59,10.47,4,74.55
137927.29,151,36,35.98,3,167.41
45206.29,1337,18,91.83,4,162.82
67463.53,327,37,83.47,3,198.32
22972.3,532,38,72.23,4,88.07
37833.49,167,18,37.98,5,73.24
33868.01,391,45,58.88,3,130.44
110012.37,102,48,23.21,7,161.58
35518.27,445,66,64.78,5,76.99
74380.12,584,24,26.09,2,171.96
34278.33,555,51,82.9,5,177.72
38217.91,163,54,70.45,2,137.47
42828.0,286,48,38.61,4,152.29
99321.25,690,28,65.95,4,229.97
17336.7,326,28,32.51,3,78.41
23774.88,302,43,15.57,1,49.68
16797.45,2706,43,23.52,3,109.38
26953.65,155,34,27.17,1,47.03
31370.4,1188,58,22.66,3,176.08
20171.69,127,36,67.84,5,77.12
32735.61,776,18,73.97,5,159.71
16186.08,819,39,45.71,2,105.23
28004.1,242,48,98.78,7,82.95
94867.0,119,46,89.1,3,210.79
61204.34,56,46,8.71,6,108.71
54344.96,218,61,46.05,1,113.17
28239.35,682,27,90.85,0,79.73
21060.47,137,36,22.03,5,47.53
26198.68,444,62,37.84,3,49.2
47869.54,92,18,94.69,3,138.83
79023.24,319,41,77.61,3,179.75
80523.32,128,57,83.23,3,148.38
69344.13,373,57,87.95,4,183.01
32674.29,244,50,17.12,5,158.46
49687.19,122,50,69.93,10,28.45
41079.38,208,28,80.28,2,137.8
43885.78,158,59,22.65,1,150.89
150304.77,108,26,4.34,2,159.25
18599.68,1191,27,17.84,3,122.39
43084.9,281,47,74.14,4,151.79
95459.93,44,35,69.43,5,247.03
21889.44,216,44,89.17,3,169.21
34404.37,1006,47,31.7,7,22.54
36644.87,188,65,62.17,0,133.86
43355.58,1803,47,2.68,3,136.77
20378.25,171,33,93.51,4,114.74
68009.82,667,50,55.45,3,169.45
70718.18,1137,31,74.84,2,225.09
64835.36,632,53,28.38,4,131.21
30372.55,102,42,8.2,2,68.98
51409.64,157,47,6.28,3,154.31
29890.86,1299,18,81.47,4,69.31
40825.89,180,18,15.19,3,117.25
160236.7,1070,22,82.4,7,168.15
51669.99,262,64,26.53,6,56.22
25510.88,464,27,54.13,4,139.13
54132.2,100,51,26.19,2,131.69
23307.07,219,33,5.01,2,16.64
25350.26,168,38,54.23,7,30.3
27650.04,505,41,36.71,5,86.88
38392.98,442,63,43.51,5,144.78
82070.42,640,49,60.16,2,171.95
67381.04,247,47,31.37,5,144.91
65358.8,159,58,56.38,2,215.4
26784.84,484,33,65.78,0,140.52
36398.29,144,55,8.95,4,112.33
56931.3,1186,53,35.01,1,214.62
34697.54,359,53,8.99,3,20.96
42061.94,291,39,0.69,1,57.27
62489.09,640,36,5.12,0,120.52
40464.29,373,30,59.22,5,119.04
55510.79,76,31,8.43,8,99.26
117712.52,139,30,86.85,2,297.49
44599.49,1161,46,75.94,4,196.03
93773.33,438,39,0.88,3,194.86
66679.55,75,47,57.32,3,177.63
21873.19,573,48,1.03,1,99.69
26737.56,230,28,10.92,4,10.75
30993.17,168,27,98.82,3,127.11
30633.23,128,39,45.7,3,109.53
46645.92,1096,31,2.72,2,207.15
68737.78,56,30,85.03,3,195.22
97766.49,174,64,91.73,9,139.38
58075.33,454,22,54.84,6,97.11
38364.06,1955,68,70.59,1,163.43
15595.96,701,45,78.01,2,91.67
50961.43,173,54,73.47,2,131.43
49720.55,1861,53,49.45,1,214.81
54209.47,104,50,83.27,5,184.41
156128.11,526,63,52.73,3,249.36
96986.6,657,27,25.95,4,201.39
75492.12,167,39,0.41,1,128.27
28878.64,810,30,35.86,4,75.1
36969.66,241,19,8.26,1,111.95
46529.21,808,33,6.33,4,105.46
32001.12,64,66,46.92,2,59.96
64553.88,563,39,94.37,3,187.27
59653.01,267,67,10.55,6,94.11
26941.7,1273,69,27.37,6,47.36
94679.16,386,80,83.01,5,246.22
51858.32,1407,66,40.18,2,166.82
18939.61,670,72,75.88,5,115.35
47655.89,355,46,54.23,3,90.94
57220.27,886,44,60.39,4,210.77
83703.48,892,45,16.11,3,175.27
40716.47,646,42,35.23,4,122.01
77293.57,40,43,62.18,2,196.75
54335.23,151,51,2.68,0,80.02
23782.85,1610,35,18.83,1,99.28
22508.72,114,24,38.65,5,62.3
90890.24,975,46,67.46,3,365.86
94635.82,817,32,50.96,3,259.58
58547.88,195,34,71.87,3,181.79
111595.8,54,40,72.69,2,249.43
87652.5,228,37,3.11,2,84.53
71395.91,3222,56,90.17,5,258.78
29696.33,170,39,82.42,3,132.21
127043.63,182,57,27.11,3,150.93
65838.88,148,44,48.45,2,233.21
39647.72,1359,40,30.81,3,154.58
33943.46,316,44,90.66,2,124.17
56456.8,215,25,38.28,6,109.58
19553.65,1658,46,39.61,5,92.97
72028.73,720,53,91.19,3,127.49
29014.07,160,54,60.07,2,89.39
60104.17,118,24,13.79,2,124.26
36794.69,1284,22,62.6,3,102.58
42385.84,410,35,79.44,3,108.07
32328.34,85,60,33.78,2,81.1
44860.99,67,44,52.7,1,120.36
138573.86,132,31,62.68,7,190.11
105007.05,116,23,51.04,3,213.09
59573.34,52,33,99.91,4,194.42
48343.55,134,32,50.68,2,72.15
77988.03,160,54,64.34,5,169.73
91261.45,253,55,79.36,3,208.09
31057.63,2192,28,13.66,6,50.72
46976.78,308,51,4.39,5,114.25
17996.33,341,50,97.3,3,85.72
90917.35,671,26,73.23,4,218.59
152628.68,318,40,39.33,4,197.26
51228.2,601,46,1.77,3,94.04
15233.38,534,44,16.64,3,122.13
68520.61,456,19,0.97,3,126.93
29814.52,6415,43,39.65,1,109.44
34035.45,1003,50,55.49,2,109.12
69190.37,136,62,16.06,4,137.94
56387.61,584,33,63.99,2,163.53
37479.15,182,34,95.42,1,137.62
34293.7,630,39,99.05,2,110.12
52533.68,101,45,83.32,3,147.67
39135.84,133,43,44.39,4,101.76
26633.35,569,49,54.74,1,144.6
40826.65,1094,27,50.33,5,102.24
59087.57,666,47,15.57,3,172.09
44446.57,947,32,85.44,3,126.54
22529.26,586,40,67.58,3,86.92
84455.96,479,64,63.79,3,186.22
10868.82,243,23,22.03,1,78.07
38349.59,909,38,15.32,6,90.78
34852.87,1124,25,87.3,5,165.99
53183.23,378,43,17.94,2,79.39
66763.65,358,55,7.37,3,145.5
91100.69,1981,44,62.56,1,285.93
33129.43,395,40,70.43,1,119.08
67685.03,435,59,11.96,2,255.78
54595.14,654,46,20.69,1,85.32
19123.12,365,52,78.88,3,106.96
139427.1,177,51,92.96,1,247.88
22218.35,588,18,47.65,4,70.63
61742.24,388,41,79.2,8,85.09
60747.3,2545,27,31.94,5,225.49
57045.26,887,31,70.32,5,166.68
37346.06,222,61,55.72,5,128.04
77264.43,836,37,84.32,3,210.93
20781.07,548,66,77.59,1,82.28
47277.71,1494,23,28.41,4,139.13
35949.45,238,27,14.95,5,134.22
33775.34,487,51,80.77,1,150.9
62057.17,365,37,3.28,0,140.54
88664.35,427,45,67.9,3,182.57
40587.25,166,40,47.59,4,122.81
75310.48,717,40,7.53,2,177.97
50380.39,612,38,68.86,1,115.64
30001.34,1458,44,48.29,5,216.62
42536.86,399,50,86.01,7,85.54
41576.18,267,62,20.86,2,178.51
33417.57,888,39,0.23,1,184.7
62048.13,182,36,13.05,1,126.5
55773.57,1193,35,26.96,7,181.25
20437.83,1191,61,65.22,3,129.12
19764.86,1418,50,36.26,3,146.46
61918.63,587,18,11.82,1,150.72
31306.86,248,18,98.16,4,173.28
57879.74,449,31,10.82,3,107.97
75320.86,589,44,35.51,5,145.72
24366.78,230,41,87.66,2,112.62
22553.7,1530,48,65.26,2,107.9
123122.79,720,39,31.98,1,173.9
59478.13,165,60,97.03,3,217.54
38926.0,2651,52,50.11,4,124.3
29329.02,444,43,0.81,2,68.14
37021.63,135,56,0.62,4,107.54
25468.18,175,20,94.1,2,141.53
79688.19,1786,40,28.12,2,214.76
31977.47,2502,43,81.21,1,136.55
89450.8,1107,49,4.36,3,202.98
39326.51,1509,19,14.69,2,168.51
27616.19,1361,38,85.68,5,156.92
38775.12,704,47,99.41,7,92.23
11576.22,560,48,5.19,4,91.47
45870.49,692,57,16.76,0,86.99
44642.18,842,51,72.29,2,144.97
77157.84,192,41,52.95,2,190.67
17370.56,838,50,40.6,1,98.6
92876.55,1734,39,19.45,5,285.17
76982.21,328,43,94.54,8,109.19
97599.14,294,52,17.23,8,170.55
47619.77,649,41,26.52,2,87.52
85617.35,210,46,32.43,3,152.71
21825.1,108,54,13.86,1,78.99
72560.51,1271,51,53.62,1,267.59
32075.91,256,58,34.13,7,87.17
19766.21,410,72,60.78,6,61.79
26415.94,219,51,36.79,4,70.39
49170.16,1446,36,11.64,0,219.79
31152.05,946,48,87.26,3,163.82
60285.11,317,48,50.97,2,157.57
18132.65,123,49,32.19,4,68.06
15215.9,285,61,1.64,2,73.04
104277.73,713,20,59.78,2,197.25
80586.79,487,61,78.25,5,127.07
27526.01,449,66,65.01,5,83.54
48939.99,498,49,78.77,2,69.79
85881.94,861,49,15.5,4,205.96
61732.16,386,38,97.17,3,191.71
53184.52,632,42,21.13,2,117.5
89530.51,150,51,26.68,2,181.98
32797.52,5186,50,51.23,7,128.92
49868.67,303,51,0.52,3,61.43
48541.93,494,50,44.24,1,130.75
42191.79,710,53,19.57,6,60.79
39561.31,267,52,74.9,3,132.66
51025.33,406,28,75.78,3,156.74
49957.31,401,52,61.57,2,147.52
27539.17,161,66,42.17,3,53.9
76190.17,625,41,31.02,2,172.53
28652.28,77,61,82.75,1,88.87
43476.32,2327,30,50.71,4,137.41
41672.46,891,41,49.65,1,173.64
59692.22,764,33,11.34,3,264.91
15282.95,71,59,21.84,0,120.2
80017.48,182,63,36.05,3,155.4
33781.05,1618,40,69.89,6,119.01
95892.19,25622,57,84.53,1,321.12
37684.69,1332,63,99.29,0,164.64
47721.44,1137,41,42.74,11,40.09
140446.56,681,43,45.32,3,273.13
42085.73,172,51,76.61,0,114.47
96893.47,1091,31,32.12,2,285.74
50084.9,134,43,54.05,2,151.01
61603.89,120,69,67.7,2,217.06
50943.74,112,35,23.62,3,128.68
78144.77,1070,53,27.96,4,180.13
33622.73,380,48,35.62,2,157.51
28531.77,446,39,57.77,3,83.09
34502.36,397,44,27.04,4,95.66
51784.22,130,64,20.82,3,44.77
43414.54,206,49,14.95,2,98.6
72449.94,216,51,80.93,2,140.47
100468.79,98,62,88.6,5,277.52
28660.89,243,38,90.47,4,72.12
32739.19,136,28,82.16,1,133.15
22249.36,718,64,13.73,2,70.59
149747.4,781,43,9.78,2,258.17
57963.47,110,53,49.92,5,136.56
63824.43,299,32,52.14,4,193.05
23456.09,2581,47,73.28,4,129.46
48989.27,151,27,22.29,0,102.01
64866.49,618,42,93.09,2,157.53
42658.56,448,33,30.99,3,136.94
88577.94,1203,30,57.78,6,221.17
174819.12,542,38,86.42,0,307.2
29118.11,262,18,52.34,3,47.56
27941.04,431,26,75.36,4,82.46
30249.48,437,52,74.9,2,78.61
118587.88,368,46,79.0,3,246.36
86967.99,107,28,81.1,2,143.32
45499.64,1398,49,39.25,4,162.2
50016.48,1171,30,36.36,3,219.91
31285.22,141,51,80.35,3,134.31
79978.64,298,40,57.97,4,142.85
39777.39,322,37,60.77,3,168.35
42487.19,126,40,41.19,3,138.61
68516.81,62,75,20.16,3,90.48
44205.42,206,32,45.69,3,122.17
43078.04,282,44,96.96,3,134.44
49306.75,95,52,29.09,3,139.33
75920.76,481,29,27.2,9,97.12
121245.32,1290,21,13.08,4,309.34
67644.24,936,34,48.12,4,172.11
76253.82,355,51,28.85,2,157.65
43918.03,64,37,68.71,3,136.65
33213.48,825,38,13.51,3,128.43
70241.35,467,53,24.73,1,149.75
53862.11,616,31,6.19,2,55.0
22416.54,2796,40,4.15,5,131.51
40927.67,176,22,81.41,3,135.76
46835.96,22,46,90.59,4,129.11
37021.28,140,44,76.39,7,77.4
110741.57,655,52,86.52,4,193.01
63825.72,414,27,8.66,2,103.17
104322.9,119,39,89.81,4,275.05
56663.41,97,25,46.6,5,166.12
51264.99,282,38,76.86,0,109.74
29286.19,116,61,61.58,2,164.4
49343.5,679,37,34.99,2,94.1
49374.02,267,24,26.48,4,116.52
23111.54,215,33,11.81,0,64.77
36434.08,188,21,41.27,4,68.13
41035.57,524,25,49.41,0,132.2
61538.22,420,50,98.31,4,167.96
63179.97,493,23,3.73,2,132.62
35606.19,483,46,59.01,2,167.76
63441.8,375,42,52.5,1,188.62
44349.49,143,35,2.29,4,108.24
10114.33,194,44,32.97,3,72.53
37549.45,271,29,42.29,7,71.06
88738.02,3181,52,49.43,3,230.94
19438.42,104,32,23.35,1,84.6
52155.25,265,36,3.41,5,60.66
117230.07,445,35,29.38,3,150.93
32262.57,297,50,83.64,5,183.39
49078.78,1180,49,80.79,3,161.81
23927.68,296,18,18.08,3,65.94
119967.62,319,45,64.63,2,213.08
46824.74,911,19,92.36,3,111.19
50294.19,2466,37,17.21,0,233.55
103245.53,1648,40,12.87,6,245.49
70531.39,351,37,2.21,3,192.18
30284.89,383,48,17.24,4,146.33
34337.63,422,51,81.4,3,113.1
64357.72,467,31,81.4,3,180.18
34777.76,172,31,54.05,3,170.54
15298.59,1029,41,33.36,3,96.27
47606.17,496,21,80.68,4,134.77
21717.7,385,35,19.5,4,123.98
119247.32,113,59,13.99,4,123.22
54026.68,429,22,8.92,3,128.25
29796.72,60,37,85.13,5,148.2
33381.33,225,34,71.48,1,119.02
17341.04,229,68,62.46,2,116.77
26776.93,537,35,72.75,1,96.77
85731.69,2643,35,14.35,3,177.77
167289.71,714,28,38.48,0,240.68
73095.21,1717,42,81.41,3,237.22
46600.97,769,45,91.68,0,136.67
38654.65,1242,30,51.31,6,124.16
28967.43,2584,54,12.21,1,91.73
152187.9,194,45,97.85,4,274.11
44187.1,181,53,39.5,3,91.01
156936.48,787,37,31.9,4,294.55
105496.78,401,45,12.0,2,250.69
18817.86,502,39,1.26,7,75.35
33986.76,314,60,60.37,4,138.63
33928.99,222,43,61.24,1,124.4
46914.61,2040,42,23.42,2,135.1
47421.32,134,36,16.2,3,77.96
254722.88,801,35,52.8,4,249.59
27106.39,681,45,43.54,3,72.81
55599.72,83,52,30.37,3,159.63
68808.27,175,33,21.82,3,119.62
48978.44,207,43,85.93,3,133.13
52083.28,709,44,98.38,1,127.57
27594.04,279,46,35.56,1,61.63
51977.56,370,19,69.81,2,105.99
64943.27,93,29,86.55,3,201.03
58699.14,4129,24,2.69,6,143.63
67077.94,433,42,90.81,1,143.19
106610.19,664,30,49.91,1,215.37
82070.31,234,35,55.67,3,135.07
50981.19,210,26,53.99,0,161.19
25733.09,2731,36,24.29,5,94.56
35242.12,59,27,78.22,4,137.0
43442.91,533,51,73.23,2,144.8
56319.17,120,48,9.58,0,106.14
37681.22,269,43,56.28,1,109.14
29300.12,213,38,95.7,5,100.62
25501.45,150,18,87.12,1,123.17
19768.64,417,36,62.59,4,142.65
43078.41,30,32,19.87,2,153.65
21844.05,294,45,34.72,2,116.96
28274.37,368,50,15.04,3,52.41
39472.28,103,46,82.19,3,123.47
23511.51,1832,58,77.87,2,163.3
60407.21,222,34,91.04,2,235.42
73653.19,318,34,6.34,3,154.19
36236.24,223,55,96.47,3,178.09
38547.05,371,44,96.64,5,119.96
65879.75,1492,38,67.44,4,280.94
33100.47,4783,66,88.17,2,133.73
31872.42,850,49,43.84,4,80.08
94662.59,1197,39,31.34,0,311.24
79722.19,2244,33,15.44,3,207.9
68244.53,517,59,3.16,3,119.71
81560.84,1939,44,4.2,1,253.69
16522.8,891,42,69.16,3,44.46
103219.14,465,50,33.66,0,237.15
60817.58,572,53,5.41,1,150.21
85470.77,65,49,11.22,8,124.29
60653.89,540,53,66.53,3,181.68
50357.79,86,47,93.87,1,189.18
42132.72,79,49,40.8,5,85.3
59989.77,489,32,77.77,0,125.01
41296.73,132,65,97.36,4,137.01
79010.17,400,25,70.83,2,179.75
20485.01,463,46,72.3,9,33.82
36393.06,484,24,61.59,3,150.93
150942.28,163,40,97.77,5,265.61
34740.3,990,34,29.98,1,95.59
42990.05,368,43,78.3,3,145.16
30169.31,627,46,41.51,2,133.02
58965.93,121,29,15.54,5,167.56
32697.51,337,41,73.94,3,115.93
44263.42,1208,60,82.94,3,138.75
78188.4,1064,24,86.36,4,207.04
33378.93,181,30,92.19,3,188.99
75639.67,233,53,74.49,0,179.96
77051.25,150,43,52.76,3,184.03
87572.81,209,43,93.87,2,198.6
52960.28,99,55,20.96,2,102.98
291470.04,351,31,7.73,4,216.76
87552.47,759,35,43.16,1,205.55
58611.29,184,33,58.22,3,155.26
30279.97,368,37,68.0,4,113.55
46472.57,323,59,81.54,4,132.58
107417.66,1158,19,2.68,2,246.12
125522.97,218,26,80.2,2,227.45
110534.28,226,24,60.01,3,218.13
75497.57,173,60,95.29,3,199.61
24572.59,129,34,34.79,1,52.24
64083.29,684,37,61.7,1,159.38
24766.04,352,21,76.65,4,82.85
21631.18,426,38,51.64,1,73.65
55912.17,1443,53,15.59,3,210.02
65366.14,1528,45,4.98,0,255.97
80568.05,77,40,11.14,3,175.86
64435.82,771,21,49.49,2,181.26
65668.35,505,37,63.96,4,147.09
28522.29,254,43,57.05,6,46.56
46270.64,559,29,71.29,3,127.15
21398.71,71,50,3.9,5,73.98
16287.4,1741,53,13.63,1,107.85
73670.19,675,35,76.11,4,152.74
32395.72,169,51,78.12,3,212.93
79211.29,224,40,70.23,3,142.82
90182.54,73,56,74.54,2,261.38
34869.77,294,68,96.34,3,186.42
67823.98,248,27,94.42,1,184.39
34076.52,107,52,64.45,5,143.71
17761.11,877,58,31.93,5,36.11
52460.73,1446,29,1.41,4,178.51
37836.12,392,34,63.16,2,160.92
38482.2,297,34,43.13,1,124.04
145282.98,623,40,14.7,5,215.15
21179.28,395,37,21.53,0,140.19
60510.92,136,39,93.65,0,222.59
28363.43,210,52,6.62,3,78.74
80784.77,299,18,78.75,1,147.7
57764.93,517,29,90.2,3,99.17
60393.66,407,50,68.83,2,182.15
29152.93,497,49,6.13,2,87.67
32174.41,87,28,84.59,7,111.34
81632.91,784,49,65.33,5,205.39
129824.49,404,59,27.7,1,219.0
63842.17,5180,41,62.97,0,239.9
29924.07,273,28,13.65,1,29.76
59066.32,557,53,70.76,0,122.35
186299.27,6830,64,90.3,4,258.72
51861.53,489,30,52.17,5,88.83
109536.43,377,42,95.21,3,228.27
32624.5,150,56,43.81,2,73.92
47899.13,1859,43,85.76,2,151.44
68924.08,126,19,77.36,1,224.78
60993.99,618,47,8.84,3,159.64
32160.24,251,29,91.27,3,149.34
31406.35,333,25,91.04,2,146.16
84419.73,97,19,35.14,3,144.13
94405.34,1545,57,79.34,1,277.06
112609.23,305,31,22.46,2,193.2
132211.97,119,46,3.04,4,170.93
52788.08,1411,49,20.79,2,147.92
41309.2,243,44,48.4,3,157.2
103057.77,563,45,5.78,1,194.67
72561.38,935,46,16.0,3,242.69
28556.78,648,43,95.04,2,79.74
27764.14,44,32,49.38,3,47.8
64251.58,808,30,82.31,3,256.43
44466.84,364,40,20.66,2,64.41
48313.37,290,40,8.85,3,32.66
88423.53,361,47,78.05,3,144.54
74419.29,80,56,34.88,1,151.03
101867.71,488,46,45.98,4,183.41
16943.76,103,31,99.21,7,51.79
56351.77,303,18,31.65,3,77.49
71831.52,471,32,47.31,3,193.82
21170.79,1180,24,63.48,5,122.75
34194.07,177,32,8.91,3,57.07
30875.96,1722,45,71.64,3,96.41
49609.32,1039,43,45.17,1,139.87
120008.72,262,66,17.5,3,204.93
149107.7,133,48,43.05,4,244.06
31324.06,95,66,46.07,2,106.63
65486.97,529,51,64.07,2,156.67
66658.56,193,56,93.71,3,176.87
60669.37,1338,37,76.51,4,242.4
61049.41,204,28,38.25,2,176.23
57933.92,163,36,96.96,2,193.84
124015.71,509,41,79.08,1,219.49
89891.31,203,33,2.8,4,149.22
27362.13,406,28,11.66,4,120.37
75936.03,1081,47,21.8,4,189.14
80081.92,453,28,8.35,2,158.41
58292.69,455,22,48.54,4,132.02
91334.46,495,27,34.07,7,162.26
54363.09,74,38,97.29,0,135.93
54734.92,596,29,47.27,2,162.5
52401.07,473,39,21.22,3,147.59
16154.69,985,49,97.07,5,145.3
46900.37,739,49,51.39,1,115.13
33943.82,329,33,7.31,5,146.99
25526.02,1132,25,8.09,1,116.56
107873.02,301,34,67.53,2,227.5
64686.91,516,50,49.48,1,205.52
48223.07,295,53,62.42,3,104.02
35931.09,640,46,84.97,4,132.66
57693.12,276,57,68.14,1,173.22
84566.19,2095,64,86.18,3,241.09
31106.4,3033,35,74.27,5,143.72
48890.79,966,61,67.44,2,110.61
79018.44,1884,38,13.47,4,214.14
16902.21,86,55,48.28,2,80.16
47492.95,97,51,43.31,1,125.12
38711.41,292,18,54.07,1,149.19
45542.15,420,29,39.11,2,61.08
37201.5,330,26,62.04,1,149.36
52875.4,78,18,39.25,4,85.03
141208.81,1276,53,55.76,4,280.75
41021.13,3477,68,39.49,6,66.27
57551.82,1452,38,90.18,5,236.09
146841.72,1194,53,37.34,5,270.54
36224.52,505,61,73.09,3,118.77
132995.62,173,44,61.37,6,198.26
49164.53,433,41,38.55,2,145.17
130619.39,3312,38,80.76,2,332.65
74058.5,283,48,92.76,4,177.12
58041.27,255,53,76.05,5,198.24
47282.86,1220,48,94.86,4,180.74
34779.28,1304,47,43.63,3,159.4
51107.44,172,41,91.37,5,198.25
80301.92,310,21,87.62,2,161.06
48668.57,244,53,76.24,1,149.49
41186.16,432,25,83.52,4,130.07
42704.93,1216,50,73.01,2,128.79
84614.6,180,51,51.23,4,199.38
96166.74,1199,27,55.24,2,279.2
33964.37,446,34,41.77,1,138.98
33937.53,4130,69,66.43,3,190.3
60394.14,554,40,32.48,2,172.27
113566.36,366,26,73.97,1,221.7
92069.1,716,52,50.51,2,225.21
24624.11,287,31,35.32,3,47.19
42393.83,67,18,14.72,4,70.42
29382.9,317,48,25.55,3,68.92
42313.78,312,30,64.02,3,132.44
118471.24,82,46,36.98,5,246.96
22416.88,375,31,3.32,3,107.11
20123.11,51,51,32.97,3,61.23
31079.24,284,44,36.64,0,119.97
57412.7,514,18,23.43,2,186.51
68969.19,444,46,28.63,4,115.0
62354.84,267,38,70.49,6,125.75
93585.15,370,60,74.63,6,138.0
18588.58,184,47,95.89,5,187.94
94238.6,407,51,11.81,3,238.0
41288.84,427,32,31.17,3,107.06
73300.44,163,31,7.7,2,131.49
23673.61,527,41,61.33,3,71.29
49154.62,523,37,1.64,5,171.9
55823.43,341,59,20.54,2,77.27
92564.69,4541,40,58.7,0,302.35
20498.56,350,26,35.87,4,68.09
49856.99,305,31,54.44,3,94.9
26987.27,264,54,64.02,3,91.25
64732.77,152,39,83.89,2,144.44
75167.11,801,39,39.29,2,245.95
99503.06,203,55,27.89,2,204.74
36524.33,228,30,53.88,3,148.21
81631.83,235,18,6.97,4,102.09
103621.06,150,30,4.19,4,218.96
19855.06,70,45,45.22,5,85.13
68650.91,253,38,21.81,8,116.08
83048.59,966,21,0.72,0,201.6
42518.75,491,55,67.94,5,124.25
25186.78,1920,44,81.62,3,155.71
82341.1,854,47,14.79,2,316.31
25343.31,681,47,56.39,4,60.69
44440.51,2650,25,98.4,8,93.38
47950.85,366,45,26.88,4,86.81
72659.97,429,53,73.08,1,184.47
34729.77,398,56,16.21,2,127.73
33640.26,1888,51,93.21,2,219.48
51761.58,404,48,0.04,5,110.1
85264.61,210,19,29.47,2,162.38
172490.51,726,41,97.64,4,170.02
21394.42,178,29,67.07,3,100.3
58304.71,687,58,21.18,0,139.6
26967.99,610,56,79.14,4,109.43
85849.08,333,29,89.81,2,220.7
29254.85,710,41,48.73,5,72.61
33824.6,91,45,15.6,3,116.56
35450.8,474,53,25.86,1,115.79
47008.82,253,20,94.31,4,140.72
58557.16,7060,18,16.11,3,221.21
63961.45,471,42,31.19,6,90.34
48865.55,222,18,14.55,8,0.0
23589.57,101,44,10.56,1,90.15
73151.1,1488,49,52.2,2,215.46
47613.55,284,58,39.67,3,149.88
92869.83,182,33,4.62,1,138.43
33214.56,564,44,14.52,4,147.34
20307.57,772,50,3.77,1,88.67
48111.94,760,26,2.46,3,109.22
99984.85,411,53,17.85,3,220.7
53557.88,473,45,74.36,7,38.67
43922.48,508,34,1.48,3,149.12
30372.99,564,43,30.45,1,115.92
128897.34,617,40,56.48,8,141.49
27825.79,1205,52,74.37,4,184.54
32893.59,426,37,67.79,2,120.8
67071.79,178,44,98.84,5,172.48
17662.32,349,33,27.56,3,93.95
98816.99,857,29,0.01,1,254.48
69099.74,67,44,3.82,4,159.93
80384.54,67,30,9.75,2,135.54
66633.61,1010,52,97.52,2,237.15
44863.6,1844,49,57.0,3,216.12
27317.1,113,32,79.94,1,89.01
45385.98,446,44,98.51,10,51.9
28670.39,270,31,84.43,2,66.33
64047.83,310,21,40.76,3,155.27
76399.31,547,34,87.59,4,172.62
110441.89,110,41,43.38,3,250.82
60142.51,133,48,11.4,2,138.95
81512.89,298,43,54.81,1,169.41
41629.75,348,53,91.57,3,158.48
37682.37,130,29,78.45,1,135.46
63609.59,888,37,40.19,3,210.23
39633.89,265,63,85.49,4,147.08
56843.22,264,18,46.42,2,161.36
27346.51,535,36,68.46,1,90.36
30185.13,354,28,33.31,6,75.49
69527.32,932,39,19.47,0,219.3
79831.99,158,36,31.35,3,141.28
28506.55,99,49,87.52,4,112.58
70886.68,295,45,98.98,0,199.36
36570.43,428,25,26.39,5,77.1
49467.83,116,34,16.54,2,86.95
106864.76,100,41,7.11,7,158.87
76429.04,484,51,75.38,4,193.1
75942.34,189,73,52.8,1,160.34
140061.19,94,51,55.61,1,198.16
33285.14,1059,28,4.52,2,142.86
28503.12,214,40,8.11,3,112.41
32952.84,1273,44,91.46,6,134.31
42617.68,415,35,57.67,5,123.57
13426.65,541,48,21.92,4,62.87
43735.46,326,18,20.75,5,83.41
36333.16,28,49,24.09,2,94.61
75438.11,129,35,6.38,3,126.89
59505.89,355,40,4.98,4,167.96
35228.72,580,61,72.0,6,103.13
67810.92,67,25,26.38,4,127.86
72969.34,382,45,38.45,4,167.23
32122.11,131,52,53.74,6,80.26
37377.97,510,44,32.01,4,111.64
14415.37,395,21,47.88,2,42.16
26906.87,848,59,86.5,2,118.26
32586.12,1172,39,24.41,5,183.35
51061.77,638,35,79.13,4,111.36
29145.03,953,37,26.39,2,71.07
36960.37,284,37,18.69,1,130.4
24985.93,6789,26,7.27,1,91.92
53858.35,119,44,68.42,2,101.04
61953.73,237,34,41.16,2,145.35
61163.2,993,50,77.04,1,247.4
49355.21,856,48,13.27,1,145.61
21002.78,656,63,60.34,2,69.8
34857.57,792,39,1.3,4,105.11
39182.34,50,31,23.38,4,68.24
39268.88,1976,22,60.96,6,63.03
51084.67,329,70,5.6,3,71.45
107371.25,1402,50,37.72,3,246.26
76623.03,52,32,56.17,4,152.94
28477.38,521,64,72.76,1,97.77
71190.99,229,59,70.57,4,184.05
69714.69,714,24,14.82,2,149.26
31466.0,553,32,7.52,3,83.85
78188.37,581,40,37.64,4,152.5
44882.03,139,28,24.08,2,111.3
22573.36,381,40,30.57,4,105.34
62966.71,336,51,34.25,3,145.93
55233.72,662,24,39.72,1,138.72
43251.07,1084,45,51.86,4,129.11
48021.34,468,57,0.93,3,107.14
33007.93,112,47,29.8,3,82.74
68567.35,449,41,26.44,7,120.16
47863.2,5492,33,23.62,2,152.46
53720.33,2092,52,78.86,2,166.59
59660.66,20,26,25.13,4,119.89
25977.29,429,45,15.1,1,85.45
29975.76,1024,42,85.18,0,59.88
14538.14,336,56,38.29,7,6.42
66876.86,254,34,18.4,5,155.05
25166.89,308,35,75.12,1,94.87
52728.6,700,25,65.72,5,95.0
60116.73,127,47,94.53,3,226.89
68274.67,1324,36,87.78,4,244.93
25280.55,381,30,69.43,2,111.26
47295.06,158,32,16.1,3,75.56
122842.0,1241,48,48.32,4,278.06
125853.41,86,27,11.88,3,185.41
84375.11,231,28,54.94,6,121.58
59019.38,227,53,91.68,2,258.58
28203.22,3442,39,0.38,3,117.01
72783.31,203,54,87.6,3,220.14
44940.21,46,37,53.93,5,187.72
66722.04,225,41,15.12,2,190.24
34611.32,636,44,85.59,4,136.22
44573.14,883,60,53.69,2,156.56
53652.38,3930,58,44.82,2,193.07
56131.53,1647,56,49.97,3,228.88
64314.96,486,33,14.74,1,185.66
35647.8,165,29,11.27,3,116.73
23416.44,2046,51,66.16,2,140.22
119806.33,279,59,88.04,6,191.04
192738.53,208,57,69.45,4,215.49
62697.78,265,42,84.08,4,153.84
23666.23,115,51,84.48,5,115.28
32040.07,253,51,3.2,0,102.96
64861.83,319,43,77.1,4,206.12
102499.54,837,44,77.21,2,222.7
25157.47,273,43,35.0,3,82.82
45780.66,113,31,40.98,4,107.12
54598.55,81,33,74.55,1,140.47
78867.0,497,32,98.66,1,208.94
40579.54,433,21,98.78,2,158.3
20741.71,231,43,47.38,2,118.5
68985.99,252,41,78.96,4,186.5
91002.09,594,51,46.61,4,214.79
46843.84,1620,58,86.6,3,192.98
61259.98,184,59,64.97,0,223.47
37760.91,440,60,93.66,3,173.69
30786.3,1051,32,99.72,7,92.43
86209.37,185,23,33.02,1,145.63
60665.03,397,54,97.93,1,195.53
64196.42,388,59,69.25,3,187.13
111989.83,108,62,23.81,0,188.24
27442.19,477,48,0.31,1,82.94
36184.48,416,18,68.38,0,202.36
53469.32,702,46,22.24,4,111.1
35940.77,123,49,23.14,5,127.15
75412.26,407,58,55.22,3,150.15
44219.91,1606,60,3.09,7,89.36
28398.94,3221,53,41.64,0,98.83
50826.56,1451,34,79.94,3,168.72
53835.39,124,28,2.73,0,106.97
81967.26,633,48,62.39,3,183.59
60853.68,248,31,15.84,5,185.22
63172.89,535,61,86.28,0,172.27
58463.65,186,19,39.07,1,148.3
44199.89,72,49,81.21,4,144.25
33060.0,285,46,72.38,1,116.91
57460.96,830,39,87.78,1,227.27
40814.04,538,29,51.69,1,120.12
124169.45,603,18,48.61,4,162.87
102559.69,500,35,3.74,3,244.57
69429.11,604,35,53.38,4,148.42
60364.52,685,56,52.2,2,176.06
46705.75,306,31,60.64,1,141.3
24498.86,438,47,13.1,1,96.25
43525.63,2305,25,54.0,2,121.98
51832.36,464,48,45.4,1,169.18
55614.6,420,18,59.6,3,130.81
63465.07,447,69,66.06,5,84.24
81367.53,324,40,36.14,6,132.43
33500.49,261,18,50.41,0,134.9
33668.18,497,32,39.51,1,91.75
108876.68,243,30,76.55,1,236.3
74909.79,348,33,79.64,4,211.39
39540.31,182,37,29.29,2,150.44
46213.81,449,33,25.95,2,139.44
46328.26,723,31,67.83,4,147.43
49879.52,326,26,77.4,4,154.23
63575.01,54,52,1.09,2,127.7
197648.6,728,57,42.74,1,190.82
54413.42,454,38,30.77,5,113.58
70574.84,149,41,76.65,3,215.23
19388.55,874,27,14.35,7,58.27
37545.36,99,42,77.82,5,147.45
96360.17,1147,44,66.14,4,279.56
61161.52,380,39,84.29,1,223.82
4385.18,41,47,99.02,5,125.19
71019.71,482,46,47.66,2,186.97
140785.17,268,28,69.94,0,197.95
16354.38,231,57,71.0,0,104.53
113058.79,192,39,84.46,7,221.64
10672.49,355,63,51.81,6,0.0
82116.92,248,47,10.76,4,135.35
48788.18,63,67,97.94,2,159.91
13460.51,1439,57,5.68,3,152.75
62653.56,315,44,96.24,3,225.17
92314.99,194,32,25.54,6,200.06
59882.4,130,32,49.25,2,185.54
67619.74,871,48,95.07,1,237.44
39088.29,110,43,67.67,0,115.52
17610.24,461,34,58.56,3,63.7
71720.02,225,52,32.59,3,199.15
128330.55,238,42,29.24,5,190.05
91241.9,133,52,3.28,3,171.4
16426.78,216,29,58.63,3,25.53
21307.37,406,54,43.01,2,121.11
30783.0,510,48,22.43,1,95.31
20411.7,183,57,38.42,2,57.33
50226.82,368,54,94.09,6,116.73
60862.88,980,40,84.84,2,147.26
22322.73,76,39,43.04,1,125.77
75163.47,400,65,98.0,2,143.48
68227.79,155,38,46.21,2,159.01
36261.52,140,51,34.91,4,90.81
44583.22,523,37,38.79,3,87.48
16774.4,233,18,87.46,2,78.75
40833.41,119,26,26.78,2,78.56
49220.32,1516,47,22.21,3,154.26
53788.3,1012,51,96.05,2,213.7
60378.13,58,47,73.43,4,153.15
56068.7,92,56,76.38,1,131.1
42387.59,730,47,74.03,2,75.2
57377.48,303,31,68.29,2,187.1
85060.46,1809,49,9.12,2,179.41
46512.49,747,44,75.37,1,129.79
58377.0,544,34,24.89,5,213.36
44249.79,145,48,13.24,1,107.64
34347.43,659,43,98.3,4,142.72
65354.65,112,34,2.79,3,114.6
36120.86,1488,39,3.16,7,97.2
60620.04,615,60,30.99,2,154.98
49788.56,176,59,84.42,3,153.34
41474.58,902,44,97.79,3,181.54
40926.02,3795,42,11.85,1,143.1
37068.89,324,23,39.54,4,82.52
19827.19,699,64,73.43,4,83.87
60511.72,261,55,64.55,3,200.07
55678.58,439,51,23.34,2,155.13
78222.97,89,18,32.92,1,145.78
36596.16,403,42,59.44,3,143.51
139032.22,421,40,3.54,2,277.18
39781.02,2438,50,75.82,3,187.08
30293.54,67,36,27.54,5,80.32
28380.95,304,38,82.83,4,49.4
18889.14,1462,50,68.37,4,127.84
113885.1,316,31,64.54,6,159.53
104202.05,339,34,76.74,4,221.09
68214.32,175,44,7.51,10,37.34
29946.0,158,59,26.0,3,54.65
132746.59,64,52,52.17,3,206.09
40398.76,215,55,77.72,3,139.16
42278.58,150,42,84.91,2,132.37
108065.47,453,61,38.21,2,196.25
70431.85,183,19,79.36,4,182.49
164490.27,249,68,22.03,1,190.62
56207.04,256,69,8.24,1,124.99
39404.41,384,47,24.66,4,121.22
35014.14,237,52,90.31,2,128.93
17750.2,139,41,54.4,4,131.91
42056.63,439,39,48.13,5,180.72
91998.39,1173,34,74.33,4,321.8
68142.66,458,41,1.01,4,109.35
49571.4,219,49,11.83,5,76.86
28361.45,356,47,9.96,8,23.7
55535.63,51,67,12.17,1,108.92
85566.36,350,43,45.35,5,139.52
62124.49,270,22,28.07,2,100.03
53728.79,158,63,78.57,1,130.25
31624.05,190,26,83.9,7,64.7
78980.0,267,34,92.49,2,126.77
8755.63,1088,45,19.61,0,125.18
60510.07,1202,47,50.29,3,244.61
201526.69,159,23,4.87,3,139.41
21383.92,240,32,23.99,2,93.87
42926.59,246,22,61.51,4,122.38
48807.97,906,50,42.24,3,158.67
38009.05,466,57,69.07,5,144.82
86682.37,442,26,83.92,1,145.35
63566.89,689,54,5.95,2,179.6
53303.92,222,54,93.86,4,172.59
76000.86,1577,33,4.24,5,249.09
49474.51,402,18,98.17,4,143.43
281792.28,171,28,63.76,2,282.6
53275.98,320,34,4.33,2,118.68
54579.04,1382,62,39.36,2,163.71
19134.39,263,40,25.82,9,13.41
36355.56,1042,28,79.86,3,95.88
92139.38,215,43,22.55,4,233.55
23517.47,187,25,82.62,6,32.86
14963.12,780,48,31.23,1,155.43
49899.86,168,29,98.91,5,142.15
104183.55,918,31,27.04,4,246.93
50176.88,573,46,68.5,6,71.24
40746.75,168,64,80.02,2,118.92
17638.36,375,70,21.65,2,59.77
62864.68,233,28,7.58,3,135.07
70523.5,571,34,55.12,3,166.24
18398.92,2664,48,67.71,4,111.98
91490.72,278,57,81.73,5,244.69
74692.32,687,18,27.28,4,129.67
91379.26,413,43,87.23,4,226.84
67571.31,413,35,91.58,2,222.68
70229.62,341,18,77.92,4,149.27
65277.1,171,24,0.76,5,108.51
79036.08,564,34,8.72,6,79.95
18028.03,302,42,99.77,4,114.14
21470.12,163,55,73.39,1,117.86
32702.14,1112,46,62.68,5,142.08
45642.7,445,54,90.14,0,104.74
60686.42,321,42,3.96,3,143.17
58604.98,1540,32,75.74,3,245.72
90618.0,64,39,65.47,3,247.62
92196.04,1440,51,84.82,3,257.63
30338.97,167,55,77.79,5,177.83
55894.25,498,40,48.49,1,156.49
30751.46,224,29,7.1,1,63.85
44199.3,160,46,90.94,6,136.32
58511.89,1500,48,76.35,0,278.62
7519.15,2581,58,35.64,3,107.79
184643.87,323,33,98.39,1,230.46
66938.18,564,33,31.11,5,170.95
35325.6,427,51,37.06,8,29.35
141499.77,2276,36,97.47,6,318.04
40494.15,48,36,66.81,4,104.84
52727.14,588,58,87.92,4,137.94
37499.63,194,24,88.78,6,90.62
121612.56,38,68,53.64,3,184.07
46270.43,281,34,26.7,3,79.96
53221.42,2560,53,84.74,2,229.69
95042.57,209,40,50.19,4,228.79
67631.34,889,45,56.44,1,187.47
47577.18,1337,38,54.14,2,143.22
90283.95,398,53,0.96,4,189.76
198028.41,455,37,4.59,2,240.76
58371.07,72,34,61.64,2,197.95
52272.1,197,65,79.44,2,152.37
53843.93,999,42,45.7,1,172.24
100784.13,428,33,19.04,8,173.8
35257.77,582,22,40.66,1,70.2
42063.07,460,66,76.83,5,125.7
21044.75,3611,34,10.86,2,145.52
25562.27,262,68,56.02,3,87.96
36872.08,2009,47,70.22,4,160.92
47535.62,461,43,41.58,2,110.33
129702.13,2195,44,60.13,4,272.05
65827.7,118,70,88.35,3,162.07
29683.8,485,18,21.28,3,76.71
32846.84,272,44,13.51,2,87.85
104413.24,463,38,6.08,2,165.63
91092.95,1369,39,72.62,5,309.83
49785.67,589,43,90.05,5,145.53
38430.64,1367,38,69.04,3,169.58
91008.94,206,44,97.65,4,226.1
28386.53,177,41,70.81,0,95.38
60816.52,409,24,28.85,5,165.33
171092.98,388,46,25.56,5,217.05
54882.27,335,51,66.67,3,116.73
31997.56,154,34,67.58,1,174.17
61433.02,1337,66,52.38,2,200.11
37854.12,280,59,52.69,3,38.9
22770.85,1679,52,41.66,3,122.97
72082.73,408,52,34.99,3,168.16
90654.32,771,42,63.41,4,259.91
41315.84,704,56,74.75,3,139.94
39835.76,176,62,81.34,8,66.12
28886.77,582,52,30.78,2,119.12
45140.51,2774,34,85.77,3,122.09
35979.24,518,41,30.27,3,124.04
28111.44,993,49,30.49,0,76.65
138786.61,806,52,80.6,2,291.05
63358.92,548,40,96.94,3,152.17
67158.94,486,34,93.22,1,176.44
79687.64,697,62,11.11,4,155.83
74912.04,865,28,28.85,3,198.09
39057.47,104,29,75.99,1,119.86
56948.57,516,24,80.62,2,173.31
42278.47,335,29,50.43,2,121.7
62389.67,272,58,1.61,3,137.02
59155.8,1474,58,50.18,4,271.39
39717.09,193,41,3.11,0,100.03
23597.26,100,48,28.14,3,47.11
53126.46,894,41,65.69,2,221.36
43811.51,97,26,13.46,4,116.81
17331.75,58,70,71.25,2,109.56
64809.92,1000,59,62.14,4,193.31
83361.19,472,46,42.97,3,187.63
196928.51,647,30,37.22,2,159.35
39531.04,259,39,91.47,4,195.42
36450.43,101,32,55.32,6,103.6
26630.66,123,43,88.89,3,112.67
54981.56,307,46,41.24,4,142.23
54790.66,113,37,59.46,6,101.35
31375.64,548,23,95.46,3,94.46
44524.22,254,69,12.41,1,92.8
16510.2,485,45,26.28,5,96.94
81593.69,471,47,91.67,3,170.4
32084.44,593,36,42.2,1,121.67
48095.26,664,21,27.2,4,133.92
22366.48,286,40,99.73,2,131.11
35585.93,484,37,10.22,3,173.01
42033.61,510,51,61.15,2,111.98
48717.33,35,53,78.81,4,154.03
63821.98,770,51,78.67,3,180.63
108173.46,468,54,44.18,0,243.57
73349.5,709,65,4.4,0,124.46
83215.63,111,47,84.1,3,197.34
108592.46,294,56,80.27,1,274.72
67059.75,135,48,23.74,0,152.85
48041.05,849,18,34.05,3,79.64
85392.33,98,39,51.26,4,190.44
88446.68,159,30,11.41,3,142.95
70032.26,688,45,82.06,5,167.42
22025.47,214,31,92.21,5,85.05
30859.41,159,49,30.82,4,65.08
42143.27,998,54,92.4,3,195.38
75266.59,1040,57,80.09,5,184.86
48448.64,830,63,72.78,3,95.51
91608.35,942,20,96.92,4,256.72
101050.95,320,26,32.47,2,172.2
94801.81,328,80,91.56,7,180.42
95134.53,211,55,9.84,4,226.22
27712.9,477,44,47.8,4,61.52
63923.96,237,42,55.2,7,108.05
35096.58,261,41,12.28,2,112.26
19791.61,735,18,73.74,4,42.73
41851.83,1318,31,47.52,2,128.72
101580.34,600,40,45.55,3,218.44
63158.84,2426,32,58.14,1,287.9
148716.21,199,34,13.47,1,171.03
54039.83,64,75,20.0,2,75.58
188394.14,824,38,18.07,3,321.41
54048.48,186,45,95.19,4,177.9
49630.66,306,45,77.32,1,100.18
24253.97,68,49,52.92,1,88.6
90292.48,164,35,65.95,1,248.54
37191.34,89,58,65.0,2,173.78
34341.98,261,47,26.23,3,147.76
99178.53,271,25,8.66,2,198.74
92690.61,441,40,55.49,4,241.77
91365.96,1393,39,26.3,2,248.67
40166.75,793,39,87.35,4,111.81
47665.51,79,48,23.61,3,70.48
47433.31,741,50,57.29,7,104.82
75386.61,451,48,42.01,3,177.12
115204.09,365,46,74.29,1,243.45
60022.85,394,43,95.07,3,217.88
145246.87,494,18,41.16,3,218.52
80294.54,201,52,4.44,3,164.25
43081.99,336,48,66.14,4,156.25
77326.44,1318,29,12.92,4,243.45
125275.07,199,45,10.45,4,162.12
147128.1,144,50,66.16,5,255.47
94163.72,379,57,10.28,2,228.19
49717.93,130,48,12.88,5,84.84
43513.16,72,46,43.91,5,137.38
67294.8,285,54,45.23,2,197.64
123091.83,1717,38,91.37,2,291.73
62228.79,388,47,27.61,0,148.05
62943.48,482,33,40.09,2,144.72
50426.33,47,56,70.75,2,99.43
40931.69,625,21,82.7,2,115.28
44838.66,442,52,34.91,3,141.04
52811.5,207,42,63.11,3,183.0
126115.7,483,54,62.42,1,203.28
42965.7,478,31,30.32,3,130.21
50460.02,139,43,11.86,2,100.84
30456.12,562,42,68.25,4,128.77
72703.67,1335,47,26.81,2,188.09
103950.86,321,28,31.83,5,169.25
119787.4,169,50,57.24,2,277.25
54822.2,337,18,16.08,4,110.29
67231.34,948,33,24.15,2,204.94
45050.86,118,21,44.61,1,123.26
65539.63,719,52,87.85,4,191.77
58260.57,204,47,77.23,5,168.91
50617.13,513,47,31.76,2,115.27
52879.16,229,61,30.21,2,89.5
62853.21,228,37,98.73,1,205.74
41698.32,1850,49,65.34,3,127.68
42899.99,98,42,68.55,2,121.17
125373.07,655,40,5.51,2,231.37
217684.21,2278,58,10.5,5,264.97
25275.69,800,69,29.45,2,28.0
24521.14,106,36,84.2,3,101.8
28956.96,111,52,91.07,4,131.8
46313.62,190,46,19.1,5,104.09
80232.13,472,46,71.42,5,120.87
67859.12,505,45,87.41,2,204.02
53885.52,113,37,87.89,4,142.02
65572.69,168,18,45.88,4,152.38
33501.74,179,61,25.88,4,129.97
42861.64,336,32,95.63,4,148.25
48482.01,2935,38,27.66,0,104.47
20510.27,158,39,25.27,1,124.44
25881.39,151,31,20.57,3,3.18
26453.37,129,45,53.25,2,84.96
74627.14,761,41,10.72,1,235.99
56103.04,387,32,57.07,3,145.31
68602.46,164,43,94.37,5,175.59
17822.01,280,41,50.5,3,84.38
21677.68,182,54,96.53,2,117.49
70598.8,542,24,90.57,2,140.47
10633.15,5909,31,79.23,5,101.68
96138.6,699,51,60.81,2,255.31
17982.88,367,33,88.07,4,78.74
77951.31,207,30,55.5,5,174.79
30069.86,105,34,20.72,1,79.42
87281.78,840,40,92.52,3,247.52
286212.12,795,40,50.22,5,280.66
14041.22,253,39,90.77,2,117.13
71858.73,1357,28,39.31,1,245.13
18133.39,412,52,33.57,7,79.42
61989.66,875,59,76.6,3,174.04
43751.24,542,18,63.44,4,80.73
52647.83,337,21,43.97,3,117.35
29690.21,155,55,87.86,6,31.8
75304.68,348,62,51.66,2,117.47
22101.55,936,18,1.28,2,24.08
97042.13,242,52,69.32,2,238.46
39140.47,626,63,6.32,2,57.85
22663.71,136,30,48.11,3,72.26
117855.58,880,62,19.21,3,150.11
47238.36,551,39,24.2,0,139.99
139972.29,121,46,97.98,5,265.2
95965.68,322,32,11.35,3,183.27
31603.4,1023,55,75.77,4,160.95
46782.09,114,52,63.74,3,156.17
52395.23,138,64,19.5,3,72.97
113489.63,376,60,93.53,4,197.84
62357.22,3406,41,20.14,3,252.86
54011.97,205,82,51.56,0,116.04
43917.42,662,59,79.05,1,122.92
47676.49,523,49,76.36,1,85.29
100461.08,223,29,31.97,3,227.5
49120.8,473,22,83.93,4,120.23
39448.51,257,23,96.21,5,141.12
35936.94,282,29,47.4,0,42.28
36149.89,76,59,65.23,3,146.18
22671.12,393,48,36.45,0,93.53
32444.74,991,34,35.41,1,110.66
111762.48,427,40,46.97,2,200.0
43755.4,1200,38,19.71,3,155.34
72216.69,720,52,68.94,3,182.72
12540.06,380,30,16.56,1,74.66
67008.26,215,46,0.52,3,146.5
44857.95,248,45,43.95,2,90.5
37616.87,92,30,7.64,2,73.46
54150.8,308,62,56.24,1,144.86
37320.43,466,38,52.04,3,115.76
15242.9,2242,29,13.73,2,160.73
81408.61,684,53,24.6,1,173.34
56030.96,169,42,2.45,3,99.29
41246.92,95,47,59.4,2,89.55
28813.46,328,26,29.29,1,91.94
21841.75,908,52,71.3,1,80.97
55444.68,323,70,62.98,4,183.13
119061.15,693,25,37.36,0,200.48
54816.23,336,46,2.17,5,95.77
22913.49,826,31,32.02,2,77.51
55482.02,81,76,32.49,2,137.87
47603.49,2006,58,33.27,2,173.19
78843.8,132,45,95.34,6,151.27
68439.35,892,26,16.46,5,204.45
9488.14,307,29,27.01,3,20.45
66163.43,359,51,83.24,3,199.51
28228.47,316,24,92.52,2,111.38
22427.64,520,24,46.83,2,75.66
44193.79,637,42,54.0,5,58.42
61453.38,1162,43,5.29,4,177.97
19882.51,1649,46,80.8,3,133.96
72223.23,562,36,59.46,3,177.29
74595.57,2238,53,47.9,6,196.05
50303.85,442,30,30.26,6,72.71
30418.52,1184,50,44.38,1,125.97
28605.15,619,44,73.53,2,69.22
86185.97,232,49,8.08,1,79.7
21350.44,483,57,50.68,4,91.49
88032.27,667,36,3.46,8,153.85
44763.15,390,33,77.23,2,127.41
46503.88,609,20,21.1,4,85.25
19159.46,958,18,90.34,2,83.04
45220.5,394,39,47.61,3,122.94
68697.77,21,40,45.73,1,116.27
23505.14,2160,27,36.04,4,118.42
64488.99,299,30,51.64,6,111.48
51480.42,177,61,33.8,5,99.98
34404.22,131,53,35.99,3,169.77
78438.5,288,25,19.56,5,128.36
14599.74,229,36,34.52,4,127.17
59318.38,193,47,81.17,4,162.56
119454.32,203,33,24.57,1,159.82
108225.11,685,31,82.13,3,200.24
60742.18,3072,37,86.13,2,271.17
41526.02,916,56,66.63,3,106.23
34555.04,1239,57,3.07,2,108.93
41497.6,276,32,56.1,3,135.07
66111.24,447,47,83.31,6,115.66
31445.65,617,41,36.58,4,140.17
74353.28,208,28,28.28,1,127.27
158456.96,263,38,32.14,2,182.42
47380.41,948,25,42.31,2,164.81
23402.14,1200,57,7.02,5,86.64
23397.64,431,62,23.77,3,58.45
75140.21,122,36,64.69,2,188.18
47436.14,300,33,47.25,2,43.45
79400.27,95,55,24.73,2,167.33
36552.36,434,57,93.09,5,177.94
77407.81,520,27,29.55,2,182.56
44933.35,307,40,12.93,2,71.28
32765.22,513,41,19.93,8,44.34
39318.52,612,31,29.66,4,120.35
25377.55,521,47,52.26,2,104.96
146407.3,121,32,6.63,5,228.11
46489.88,313,34,85.49,6,144.75
69876.37,607,40,87.75,1,170.01
36487.39,1956,22,31.84,4,125.67
27486.21,307,18,77.53,2,71.16
43103.77,699,53,59.97,1,148.94
89828.35,970,32,84.54,3,234.19
36812.68,331,69,27.7,2,98.9
30369.9,1272,67,61.02,6,101.02
53396.76,1342,35,7.27,2,244.76
64502.7,1604,72,0.95,0,230.96
121002.5,638,54,87.47,3,169.11
59549.48,4273,33,29.45,1,228.36
69856.33,218,18,44.54,7,96.59
72809.48,3374,50,23.18,2,222.31
25999.73,869,42,87.68,3,133.76
28858.72,1541,47,38.45,1,114.93
27007.15,292,39,17.91,2,41.07
23560.33,938,27,60.8,0,71.14
75925.12,1680,36,20.55,6,198.94
57499.27,135,51,26.07,5,106.91
51211.68,342,37,67.28,1,125.19
11778.2,47,37,95.92,0,149.27
151829.32,337,22,75.48,2,188.52
29975.94,178,43,12.41,5,32.04
151523.65,324,27,31.26,1,154.82
22090.81,7507,53,79.64,2,102.27
31356.58,2248,32,27.51,4,134.27
14594.98,95,38,74.01,1,102.44
59824.39,703,70,47.18,5,123.28
26750.51,896,38,88.44,5,83.84
27169.49,287,36,35.91,0,110.54
23043.0,482,49,93.46,3,108.47
75172.84,531,18,40.74,3,208.15
72497.33,104,58,72.62,2,159.76
132802.54,143,54,19.52,3,184.56
33619.49,479,48,53.08,2,134.05
55290.18,445,18,31.01,2,134.02
24121.66,198,38,1.27,3,54.42
40771.09,182,25,43.73,5,54.42
36850.89,368,56,17.25,1,112.68
63287.78,978,55,95.86,3,231.96
85764.63,373,47,80.86,6,179.33
84549.01,2044,26,73.95,4,266.63
30836.47,201,61,45.33,2,120.86
84893.89,489,38,25.91,3,176.63
47846.5,283,65,32.44,2,113.96
41005.92,726,45,20.44,2,109.55
33200.45,184,48,55.19,3,102.05
36027.41,2772,36,81.13,0,172.1
127806.49,74,60,18.74,3,189.91
58050.93,2242,49,0.45,5,245.67
53962.06,441,60,12.56,0,54.6
42436.5,700,44,46.09,0,127.03
188205.22,1532,41,1.86,2,315.74
100484.2,951,49,40.33,2,273.79
32972.06,194,60,11.12,5,62.13
42172.0,735,55,10.78,4,81.46
43571.8,2610,43,71.26,1,162.8
53115.79,166,18,99.95,2,165.73
33333.75,3355,52,19.45,3,166.65
62401.78,593,23,22.96,1,158.08
108950.45,261,42,29.64,3,224.0
23801.52,165,40,78.51,2,118.54
26357.79,322,23,50.59,3,95.59
37581.33,57,46,57.07,6,110.17
38551.97,266,70,54.65,4,99.17
147142.42,310,37,93.74,4,223.22
85045.36,137,51,3.49,3,152.45
82403.01,852,72,15.79,2,166.84
42387.08,324,53,38.21,6,14.65
41878.49,213,33,48.8,3,161.03
22060.9,291,45,11.39,0,75.09
75354.36,575,48,89.32,8,121.04
64220.65,434,60,67.79,4,158.37
99438.89,200,57,93.22,0,275.1
43653.71,457,18,94.08,1,83.46
45343.47,383,30,51.25,5,119.66
53826.71,129,41,85.3,6,111.21
80060.96,302,28,73.68,1,193.28
21837.44,720,18,36.05,4,23.34
73484.58,714,32,65.73,0,187.26
48471.31,320,41,95.27,2,146.57
27384.97,793,35,76.4,4,74.72
15575.69,151,29,70.94,2,56.53
45475.98,156,42,22.19,3,168.32
108688.59,313,46,83.11,5,237.06
123139.92,1803,35,38.97,2,292.22
59602.75,474,59,62.41,3,135.51
144221.14,306,42,67.77,3,189.89
47876.61,1889,30,51.52,2,176.91
82811.06,302,27,16.56,3,96.19
38247.1,3769,39,69.75,7,144.06
36937.06,241,56,24.72,0,159.69
33771.41,146,31,26.54,5,79.47
15783.32,341,49,12.68,2,52.56
99498.79,314,43,61.99,1,160.58
34444.42,179,67,11.74,5,34.81
31546.21,5442,47,34.52,7,120.77
25617.11,554,32,88.95,4,128.24
43809.34,641,51,45.31,5,101.51
129303.91,254,52,89.45,3,229.24
155061.7,226,36,49.27,2,175.19
19663.57,1125,26,17.88,2,79.01
40338.18,75,48,75.89,5,177.6
27753.11,128,42,35.34,3,88.69
84422.21,315,22,96.64,6,88.16
57390.06,1557,45,26.21,1,248.29
34540.47,277,33,82.21,2,212.34
51017.05,611,22,49.39,4,102.15
37700.17,414,37,84.21,1,115.87
119113.89,1474,58,18.3,4,293.81
66225.95,82,57,63.37,6,152.94
70855.86,842,54,11.32,4,216.68
11307.2,330,45,80.55,0,107.51
47252.75,1017,49,23.57,2,113.36
154163.04,177,43,42.76,4,165.55
101658.15,413,27,65.6,2,184.31
17749.29,364,30,47.82,4,91.95
41258.64,148,34,77.89,1,130.03
25315.3,112,60,68.82,4,103.45
125631.19,225,55,13.04,4,183.95
56069.82,459,27,77.35,2,167.23
32135.37,189,42,42.35,4,118.96
49950.45,290,36,59.78,2,152.71
11683.69,61,39,21.66,3,93.53
26991.34,278,35,42.31,2,83.64
50013.29,1122,60,81.72,2,187.91
78051.29,816,41,92.63,1,210.99
16852.89,369,44,93.87,1,80.6
39749.98,514,44,70.01,4,159.89
85419.28,176,28,7.89,3,113.06
22063.96,2047,43,44.26,5,114.56
55606.23,3189,55,19.31,5,227.83
50832.23,475,61,69.76,2,134.74
125857.95,5381,27,16.14,2,283.85
43192.63,204,22,97.76,1,144.88
44605.82,115,42,19.45,5,146.94
78450.87,198,56,5.27,4,131.77
23635.57,323,46,84.35,1,110.48
43413.0,4072,50,20.23,7,150.74
38152.68,304,24,2.4,4,57.88
45415.04,170,34,54.81,3,176.1
78168.62,164,18,96.92,5,121.25
66488.8,1261,40,26.75,1,220.64
32474.96,1093,18,40.87,2,63.15
52848.5,248,59,23.72,7,11.56
111273.11,61,62,55.8,3,230.01
31031.21,130,43,32.28,3,120.99
53095.2,2255,22,59.14,2,165.61
44080.01,803,46,47.8,1,176.39
47351.19,430,66,92.89,3,155.17
19993.02,2614,48,67.0,2,125.38
106502.06,2859,57,68.26,2,238.0
32019.69,389,35,48.65,1,155.15
86192.6,396,30,30.31,3,145.91
34830.3,225,41,31.4,3,120.26
34751.31,303,18,50.4,5,126.89
95532.12,91,71,19.19,2,172.3
84680.15,90,43,13.24,4,173.97
54982.28,72,53,37.24,1,107.34
74505.84,1193,36,13.05,5,237.52
41826.94,84,21,23.08,1,116.4
48795.72,2835,60,53.5,5,175.44
34067.75,194,27,79.01,4,185.04
80598.53,2292,46,22.48,1,208.83
33477.29,280,47,79.17,2,115.6
110950.12,84,42,1.55,3,177.36
41204.02,1456,31,99.7,4,244.28
49576.87,1639,40,51.69,3,230.44
74406.64,163,29,47.59,2,143.51
49668.46,289,52,65.06,5,122.08
41612.27,163,49,47.52,2,124.44
48217.97,357,41,40.8,3,126.3
80145.59,449,34,37.1,2,182.49
34044.76,283,69,97.78,1,166.67
45732.74,65,25,86.15,2,175.81
49298.93,225,21,50.24,1,170.35
78867.29,815,40,83.65,2,205.18
46401.41,327,38,14.91,1,96.73
132530.02,290,56,52.94,2,210.83
44976.88,159,50,45.02,2,115.14
43013.7,219,42,32.49,2,124.85
44619.77,1650,48,91.84,3,181.85
23762.1,129,48,83.25,3,161.88
27716.97,829,69,90.71,3,64.85
36612.07,422,45,63.52,4,138.57
91556.03,515,33,37.62,2,195.5
48135.76,193,44,75.68,2,156.29
37550.64,283,18,10.86,3,154.71
96239.4,401,41,85.31,3,224.07
115052.91,239,56,2.88,4,251.66
97778.54,561,49,81.82,3,203.94
30662.65,637,45,70.39,3,118.17
37332.27,3542,50,8.85,3,141.61
132926.93,532,56,14.7,7,167.08
55973.12,59,60,45.24,1,155.23
42311.12,1290,47,29.99,4,174.79
72772.35,329,37,86.73,5,109.68
85307.23,3016,18,19.28,0,187.23
35799.98,1756,54,41.71,2,209.28
55309.06,243,48,26.05,2,110.6
81601.92,830,43,12.72,2,188.82
25895.96,222,33,25.97,7,34.73
49354.79,404,54,86.0,2,131.6
26557.98,793,38,71.55,6,24.71
28539.11,1227,41,91.42,1,144.28
35964.76,987,41,40.53,3,149.58
63730.32,434,47,24.04,1,150.29
41064.02,4833,27,2.63,3,154.2
34316.1,280,49,49.52,0,153.37
50430.68,80,32,3.97,1,122.31
26086.43,98,33,0.43,2,64.06
62059.06,1761,53,60.47,5,277.84
91332.57,373,29,16.48,3,212.9
46931.19,472,53,55.98,5,96.77
43850.57,234,43,57.35,1,127.43
60197.87,256,20,72.38,3,199.48
16064.09,183,59,38.31,6,5.9
65857.57,646,46,70.52,3,108.28
269962.19,365,47,36.6,0,228.39
45822.39,623,55,9.78,3,107.04
45911.97,566,61,31.0,2,183.2
73790.39,263,44,0.76,3,138.47
121167.96,93,50,46.25,1,254.89
83803.69,85,46,74.03,2,170.06
14979.18,8321,37,78.47,1,145.3
66827.46,1769,21,23.21,3,224.98
201705.01,1540,44,10.56,5,317.68
69033.18,205,59,18.54,5,140.94
25977.06,407,49,98.37,4,83.69
57239.89,178,28,31.21,6,127.7
24236.67,108,56,42.93,6,16.03
96571.8,223,37,7.56,6,119.81
28977.2,1519,18,78.93,4,106.38
51063.95,935,55,44.85,6,104.1
30583.66,152,29,8.74,2,92.19
36295.66,294,65,47.29,3,94.9
111010.81,853,56,71.33,3,289.53
51891.04,227,39,47.3,2,155.16
36041.94,436,47,96.86,4,156.69
26111.33,602,73,87.17,3,99.47
17510.64,596,55,51.48,5,35.98
24631.85,520,45,94.05,2,104.36
52134.26,209,79,81.14,4,140.92
84046.76,232,43,36.83,1,196.72
36019.17,129,49,77.14,1,141.39
116284.96,84,29,50.59,5,248.01
33036.71,359,20,53.91,6,74.72
43005.94,912,38,52.06,5,51.76
27071.39,101,42,80.37,2,110.26
84534.83,530,46,91.86,2,152.23
155380.28,884,23,31.95,1,229.05
18601.56,64,50,64.19,1,132.26
40522.43,307,31,62.84,4,136.42
98285.22,2092,49,88.75,2,280.4
22118.73,700,54,44.72,1,74.24
66948.31,62,36,19.02,5,151.05
95971.8,779,29,20.31,1,244.98
51175.99,190,62,5.13,1,109.37
66346.39,805,53,10.07,3,172.27
129119.85,202,43,30.12,6,149.33
143148.04,382,61,10.26,4,177.79
47378.23,235,43,87.11,8,77.38
36577.63,404,33,36.2,4,181.81
29555.08,228,28,36.85,3,53.45
83895.75,322,40,75.75,1,172.64
23052.36,124,52,30.13,1,55.29
42662.87,658,60,71.52,5,117.47
51869.14,480,42,82.24,2,132.08
37173.4,80,57,36.02,3,146.23
57176.67,1088,39,47.78,4,188.91
200883.88,338,31,32.22,2,207.85
45849.56,474,25,42.32,4,62.87
38581.45,866,35,58.07,5,99.5
85684.95,560,25,34.96,7,133.64
55925.24,1293,68,46.41,4,193.77
108188.97,300,47,49.62,6,195.13
53668.32,1135,40,2.45,2,160.82
42760.38,456,64,16.36,3,109.09
18378.77,670,25,54.14,4,130.14
20113.49,604,40,0.27,4,104.28
17860.84,1395,67,70.42,4,57.8
60393.49,829,40,90.55,4,297.16
23173.46,259,73,75.46,5,56.64
97789.02,212,52,31.42,2,260.02
49843.11,383,58,44.98,5,107.53
42860.13,188,59,65.07,1,99.74
30818.79,140,42,68.04,3,125.27
69026.26,48,35,97.75,2,179.63
31493.18,85,40,49.3,3,109.04
28510.91,2937,29,24.95,2,116.02
94239.29,209,41,36.22,2,225.34
59578.0,2706,41,92.24,5,275.71
43078.91,603,63,63.27,3,127.89
69758.05,383,49,86.43,2,176.73
49262.21,89,72,72.41,5,99.73
60515.65,405,18,96.54,5,145.91
31279.98,2676,26,50.12,2,136.38
153080.5,1915,37,94.99,4,253.2
35639.47,530,61,88.59,3,198.81
115359.54,127,40,84.31,4,249.18
44184.18,154,22,93.91,5,147.15
76412.64,171,38,52.55,3,200.16
73410.55,1448,26,74.28,4,153.83
92112.73,2062,23,55.53,1,342.41
30873.61,490,67,77.63,3,96.0
88574.52,297,37,76.38,0,162.13
135339.53,1898,44,75.84,4,275.15
42519.53,151,40,42.84,0,151.92
49965.51,424,38,79.63,0,195.76
36757.75,640,31,87.65,0,179.15
40516.32,170,37,63.63,3,119.95
125653.39,213,46,45.47,3,166.95
28216.75,197,60,85.32,1,101.0
29197.39,1663,54,77.85,1,110.25
118894.94,2736,26,46.96,4,230.96
69113.24,452,54,57.99,3,183.49
157346.18,308,48,68.58,6,186.9
38263.77,221,33,68.83,3,149.1
52546.54,404,44,31.1,4,144.13
34085.51,232,49,29.27,2,131.26
53040.74,366,42,88.73,3,131.78
18476.35,609,48,93.7,1,148.25
71447.99,268,30,40.21,2,140.8
58566.07,333,67,91.34,3,164.46
47493.35,335,18,47.07,3,98.73
39549.16,293,49,16.72,3,116.87
29968.0,259,46,73.29,3,125.88
73148.15,864,50,4.59,4,184.54
25742.55,68,32,11.39,2,51.8
64961.02,1947,57,94.1,4,271.05
153422.11,461,40,51.76,5,183.02
110972.4,742,26,26.64,5,319.39
21422.13,833,27,48.04,1,79.19
36490.02,198,43,57.82,3,125.15
61808.61,161,21,63.89,4,169.68
47162.06,143,65,34.82,4,118.27
22704.69,315,55,38.74,5,58.78
60592.34,811,65,54.98,3,203.22
48751.47,225,64,62.67,4,97.7
140488.23,740,37,92.14,4,244.45
42647.51,37,30,39.23,5,64.4
93190.57,274,18,87.47,4,230.94
24418.62,1296,36,99.32,3,123.44
27850.18,340,64,33.9,0,18.32
72905.11,176,31,2.73,5,105.44
88969.77,209,39,60.44,0,175.6
28953.14,19,34,90.36,4,138.29
49674.28,146,46,5.34,3,58.32
22928.4,1161,58,19.71,1,108.8
44370.45,225,21,67.62,2,94.13
77676.46,253,24,80.97,4,194.96
38590.94,39,61,8.66,1,74.45
42746.0,78,51,36.37,2,131.09
26333.9,1326,38,23.87,0,112.32
34317.23,747,64,96.49,1,81.24
128921.76,110,24,68.25,2,221.79
51026.92,214,54,47.56,2,90.1
28246.67,391,41,86.24,2,130.88
41228.1,121,49,53.77,2,180.15
20361.78,54,18,91.13,2,120.42
28063.14,344,38,23.88,0,57.55
103589.04,715,51,2.73,6,169.13
45325.94,729,41,42.87,4,133.15
138676.84,968,58,20.43,4,278.21
46516.33,85,57,83.57,6,93.63
48060.3,427,29,53.29,9,69.02
69737.38,308,52,28.87,4,100.97
11272.0,369,29,77.36,5,94.47
54869.7,326,42,52.69,1,106.07
47717.69,208,50,50.28,3,126.27
111003.99,19,31,18.08,2,165.69
83330.81,1289,52,99.52,2,252.22
26277.53,561,35,65.9,1,113.75
97068.89,91,34,85.48,4,234.29
42434.93,647,51,75.97,4,105.25
29808.56,257,31,50.29,4,100.37
54633.73,265,30,0.97,4,127.66
43847.67,187,55,66.67,2,189.97
114251.33,690,43,10.07,3,228.0
59121.04,181,23,96.15,6,147.0
54891.42,134,53,24.93,4,68.02
80447.16,1251,36,36.73,2,267.27
89418.19,337,23,55.16,0,96.47
75431.69,348,18,50.26,4,179.32
107012.93,806,53,65.51,3,259.47
68512.76,206,30,78.34,3,111.62
53755.88,252,25,75.76,4,141.46
96910.64,547,50,90.81,2,225.62
46630.36,86,52,46.99,6,63.1
49925.42,503,31,53.42,5,113.06
126357.1,189,53,87.41,2,246.06
119617.96,949,68,28.23,5,237.9
48800.86,696,59,24.59,2,79.47
38198.31,610,57,0.91,4,126.82
109616.75,80,46,73.85,3,226.54
76132.47,363,36,68.76,4,219.54
58312.38,124,41,27.67,1,176.55
41067.4,388,47,12.99,3,149.58
58831.52,39,25,4.25,3,175.6
48438.99,86,31,48.79,0,144.86
34016.94,1324,23,19.35,4,135.71
52626.41,583,45,79.34,2,62.26
56725.73,283,43,95.0,4,202.15
39876.11,162,33,77.69,4,188.24
80587.93,136,52,85.16,0,218.44
99594.06,492,28,99.08,6,162.43
83570.32,286,33,74.08,3,180.43
42110.96,1894,52,56.73,5,139.22
74287.79,335,54,81.0,1,196.74
51168.47,427,31,56.39,2,111.27
24843.21,100,45,43.25,5,123.08
70969.19,281,31,3.25,2,132.74
53123.38,481,39,64.3,2,137.96
204117.56,277,43,89.75,2,226.53
109261.46,248,49,69.32,2,223.43
72484.83,559,46,40.41,3,134.18
56220.9,1835,45,61.69,4,272.93
53639.83,466,27,81.3,6,63.72
28225.21,1266,47,76.42,2,132.83
18836.6,751,49,49.12,5,46.1
30336.06,1193,50,36.17,4,119.31
47751.02,219,32,39.69,1,110.05
15397.39,328,53,90.79,5,105.74
36338.13,329,24,16.99,2,99.72
42779.44,696,36,86.3,5,184.73
43543.49,891,38,19.53,1,68.72
34065.9,457,25,98.09,3,152.61
40626.16,969,38,44.83,1,142.95
126518.22,229,44,73.34,1,222.51
70557.26,977,18,72.94,1,179.07
36020.18,1114,36,77.25,4,189.92
47212.25,794,19,78.94,3,113.7
48263.35,461,68,3.91,4,97.35
32132.54,823,44,27.33,2,96.71
32111.79,165,43,22.97,1,86.07
85458.68,491,45,69.86,3,136.92
38914.36,544,49,68.33,5,152.12
26847.2,106,54,29.7,8,0.0
47871.37,648,21,79.35,1,87.57
52308.04,115,59,31.16,4,110.8
16564.43,262,58,34.29,5,49.42
47934.44,419,41,39.89,5,166.39
79014.68,194,40,74.46,2,184.65
62829.26,438,18,1.18,3,148.19
167106.62,431,25,90.65,2,226.42
97549.01,177,48,69.21,5,246.71
108761.61,711,57,58.66,2,242.09
228672.76,187,51,23.73,1,205.03
74383.24,3975,41,78.55,5,205.44
53620.6,361,67,87.28,1,138.19
83747.13,125,55,50.15,1,167.77
36041.27,150,36,29.25,5,60.25
52011.88,1271,70,38.06,1,119.65
34329.14,267,27,41.63,3,77.59
61016.01,103,22,30.59,3,84.06
34250.28,947,36,71.22,4,114.04
33596.91,266,32,34.22,1,91.59
61538.01,775,37,82.12,5,205.7
45445.03,1028,52,46.37,2,147.59
16981.22,530,41,62.9,4,101.14
22014.22,4428,41,94.8,3,141.48
26082.07,71,42,44.61,1,115.99
30162.82,178,18,17.03,3,75.06
61570.17,312,22,54.99,1,85.78
55293.82,3870,36,49.67,4,180.58
